作者,头像,作品名,作品地址,作品类型,观看人数,评论人数,点赞人数
treedom0,https://img.zcool.cn/community/0434ba553fb2ee0000014027ff8479.jpg@80w_80h_1c_1e_1o_100sh.jpg,青木2018/2019年度作品总结,https://img.zcool.cn/community/01f8595f3d100aa80120a821e21aa4.jpg@260w_195h_1c_1e_1o_100sh.jpg,其他-其他,1805,12,80
糖王周毅团队,https://img.zcool.cn/community/01792a5e10093ea80120a89583454d.jpg@80w_80h_1c_1e_1o_100sh.jpg,糖王团队2019英国国际蛋糕展金奖翻糖人偶作品<青白蛇>,https://img.zcool.cn/community/01079e5f3ddbcaa80120a8213773d7.jpg@260w_195h_1c_1e_1o_100sh.jpg,手工艺-手办/原型,1392,10,125
饭太稀Fan,https://img.zcool.cn/community/042ae95976d12ca8012193a3edc9e2.jpg@80w_80h_1c_1e_1o_100sh.jpg,花落,https://img.zcool.cn/community/01c90d5f3dc6e2a801215aa0cbcca0.jpg@260w_195h_1c_1e_1o_100sh.jpg,插画-商业插画,2558,15,323
宁大侠,https://img.zcool.cn/community/04b10756a2d6d40000017d89c44083.jpg@80w_80h_1c_1e_1o_100sh.jpg,日常-起了个大早篇,https://img.zcool.cn/community/01c60e5f3d10c8a801215aa0ff096c.jpg@260w_195h_1c_1e_1o_100sh.jpg,插画-插画习作,1234,7,59
站酷海洛,无,处暑节气原创插画,https://img.zcool.cn/community/01681e5f3dde3ca801215aa04a0cfe.jpg,精选图集,无,无,无
palwo,https://img.zcool.cn/community/043fcb582d7463a84a0d304f53b71c.jpg@80w_80h_1c_1e_1o_100sh.jpg,英雄联盟绽灵节游戏专题,https://img.zcool.cn/community/01cbf45f3e004aa80120a821cf7741.jpg@260w_195h_1c_1e_1o_100sh.jpg,网页-游戏/娱乐,3143,16,171
SEENVISION,https://img.zcool.cn/community/015d665c7f4593a80120af9adca359.jpg@80w_80h_1c_1e_1o_100sh.jpg,OPPO Reno4 Pro 艺术家限定版 KV_by seenvision ,https://img.zcool.cn/community/011e175f3e13eaa80120a8211aa73c.jpg@260w_195h_1c_1e_1o_100sh.jpg,平面-海报,6527,30,455
莲羊,https://img.zcool.cn/community/03109315efc7ea8a801215aa0bccb0a.jpg@80w_80h_1c_1e_1o_100sh.jpg,【岩彩】你的七夕大礼包《微光·月老》,https://img.zcool.cn/community/013ecd5f3cec89a801215aa085006a.jpg@260w_195h_1c_1e_1o_100sh.jpg,纯艺术-其他艺创,6625,14,183
奇舫社,https://img.zcool.cn/community/01daa85e5ddfcaa80120a895b85579.jpg@80w_80h_1c_1e_1o_100sh.jpg,尤妮佳 x 故宫,https://img.zcool.cn/community/01fcea5f3cdde2a80120a8217583b6.jpg@260w_195h_1c_1e_1o_100sh.jpg,插画-商业插画,9445,7,233
X老师会拍照,https://img.zcool.cn/community/03169045e09acffa80120a895435ea4.jpg@80w_80h_1c_1e_1o_100sh.jpg,三星 Galaxy Z Flip 5G （附布光图）,https://img.zcool.cn/community/019f275f3dd262a801215aa0e5bcd3.jpg@260w_195h_1c_1e_1o_100sh.jpg,摄影-产品,8786,20,212
七维视觉,https://img.zcool.cn/community/01ffb05f3e11d0a801215aa000f8f0.jpg@80w_80h_1c_1e_1o_100sh.jpg,曼逸运动新视觉X七维视觉,https://img.zcool.cn/community/01c88a5f3cfdaaa801215aa0eb028d.jpg@260w_195h_1c_1e_1o_100sh.jpg,网页-电商,5250,28,281
将军他爸,https://static.zcool.cn/git_z/z/images/boy.png,漫画：自己的婚姻 自己烩,https://img.zcool.cn/community/019f955f3c0abfa801215aa0106798.jpg@260w_195h_1c_1e_1o_100sh.jpg,动漫-中/长篇漫画,8696,55,511
酸梅干超人,https://img.zcool.cn/community/01b1015f1ef7bfa801215aa0ad2516.jpg@80w_80h_1c_1e_1o_100sh.jpg,10年经验总结的高效 UI 配色策略,https://img.zcool.cn/community/01ca2a5f3ce88ea801215aa0941795.jpg@260w_195h_1c_1e_1o_100sh.jpg,文章-教程-UI,9264,48,960
尚巍,https://img.zcool.cn/community/011af55e734520a80120a89505eccb.jpg@80w_80h_1c_1e_1o_100sh.jpg,尚巍手书,https://img.zcool.cn/community/0118a75f3cec9ca80120a82160b403.jpg@260w_195h_1c_1e_1o_100sh.jpg,平面-字体/字形,8588,37,166
胡晓波设计,https://img.zcool.cn/community/048702577b89fe0000012e7e85d4e5.jpg@80w_80h_1c_1e_1o_100sh.jpg,悠然民宿品牌设计,https://img.zcool.cn/community/01519b5f3ce9efa801215aa0cf6962.jpg@260w_195h_1c_1e_1o_100sh.jpg,平面-品牌,5.1w,90,1216
G5M6_AveLeung,https://img.zcool.cn/community/01ced65e83fdd7a801216518a35cfb.jpg@80w_80h_1c_1e_1o_100sh.jpg,2020青春芒果夜IP视觉设计,https://img.zcool.cn/community/0177af5f3ce368a801215aa076cfc0.jpg@260w_195h_1c_1e_1o_100sh.jpg,平面-吉祥物,1.6w,30,294
OCTOPUSCHIEN,https://img.zcool.cn/community/01e9655dedfedfa80120956831d96d.jpg@80w_80h_1c_1e_1o_100sh.jpg,HERU丨黑鹿,https://img.zcool.cn/community/011e0d5f3c8978a801215aa0d5f5b8.jpg@260w_195h_1c_1e_1o_100sh.jpg,平面-包装,9391,11,165
Fish慧,https://img.zcool.cn/community/04bb525974c50ca8010da6e4813509.jpg@80w_80h_1c_1e_1o_100sh.jpg,2019年游戏页面总结,https://img.zcool.cn/community/01f39b5f3cd643a801215aa04a3300.jpg@260w_195h_1c_1e_1o_100sh.jpg,网页-游戏/娱乐,9194,50,472
腰果虾仁,https://img.zcool.cn/community/004cd35950bfc8a8012193a37f8fbc.jpg@80w_80h_1c_1e_1o_100sh.jpg,去年夏天的某天,https://img.zcool.cn/community/01ab955f3ccc5ca801215aa0ba9516.jpg@260w_195h_1c_1e_1o_100sh.jpg,摄影-人像,8305,70,437
之南Karen,https://img.zcool.cn/community/00132a5b10f78ca801212d573dcf0b.jpg@80w_80h_1c_1e_1o_100sh.jpg,卢靖姗CelinaJade 《VWmagazine》,https://img.zcool.cn/community/0106325f3ba465a801215aa09129f3.jpg@260w_195h_1c_1e_1o_100sh.jpg,摄影-时尚,6780,19,160
陈绽,https://img.zcool.cn/community/002b175ae7b5e7a801219b7f40d1a3.jpg@80w_80h_1c_1e_1o_100sh.jpg,绽影像之《伐冰》,https://img.zcool.cn/community/01acc45f3bb84ea801215aa099a402.jpg@260w_195h_1c_1e_1o_100sh.jpg,摄影-静物,1.1w,36,737
兔纸鱼,https://img.zcool.cn/community/010a915e66120ca80120a89531e8cc.jpg@80w_80h_1c_1e_1o_100sh.jpg,🌈彩虹镇的小公主——小雾霾,https://img.zcool.cn/community/01e2ad5f3b8021a801215aa01e8ff8.jpg@260w_195h_1c_1e_1o_100sh.jpg,手工艺-手办/模玩,2.1w,86,381
一只YIZ,https://img.zcool.cn/community/0101925bac8603a8012099c8efb502.jpg@80w_80h_1c_1e_1o_100sh.jpg,王者荣耀三分夏日篇,https://img.zcool.cn/community/01cfee5f3b8ca6a80120a821c84c4a.jpg@260w_195h_1c_1e_1o_100sh.jpg,三维-动画/影视,1.4w,58,682
UoUstudio,https://img.zcool.cn/community/01767b5c0943dca80121ab5dafdb87.jpg@80w_80h_1c_1e_1o_100sh.jpg,REALME C15,https://img.zcool.cn/community/016d385f3b912ca801215aa0a4b217.jpg@260w_195h_1c_1e_1o_100sh.jpg,三维-产品,1.2w,35,535
核玩coreplay,https://img.zcool.cn/community/03113855bfb7a2aa801209252fd1b8e.jpg@80w_80h_1c_1e_1o_100sh.jpg,核玩coreplay 中国文化原创作品《熊猫门神》,https://img.zcool.cn/community/031aded5f3b8930a801215aa024a527.jpg@260w_195h_1c_1e_1o_100sh.jpg,工业/产品-玩具,1.7w,29,262
发海,https://img.zcool.cn/community/04319b57e0c16d0000012e7e7d7ac3.jpg@80w_80h_1c_1e_1o_100sh.jpg,Redmi,https://img.zcool.cn/community/014b8b5f3b5d0fa80120a8215d614f.jpg@260w_195h_1c_1e_1o_100sh.jpg,三维-产品,1.5w,48,551
Blackstation影像,https://img.zcool.cn/community/01dc305c4023d3a801213f26ac8092.jpg@80w_80h_1c_1e_1o_100sh.jpg,像素迪拜 快闪版,https://img.zcool.cn/community/01ef645f3b3bffa80120a821a8c721.jpg@260w_195h_1c_1e_1o_100sh.jpg,影视-短片,1.7w,37,337
雪鱼,https://img.zcool.cn/community/001ec95a30f0bca80120ba38915fe5.jpg@80w_80h_1c_1e_1o_100sh.jpg,浮生之尘,https://img.zcool.cn/community/018f515f3b70b6a80120a82115cfbe.jpg@260w_195h_1c_1e_1o_100sh.jpg,插画-商业插画,1.4w,50,672
李2wing,https://img.zcool.cn/community/0186b15d602dcda8012187f43f9a3f.jpg@80w_80h_1c_1e_1o_100sh.jpg,插画合集,https://img.zcool.cn/community/01fe405f3b5940a801215aa09f1de8.jpg@260w_195h_1c_1e_1o_100sh.jpg,插画-其他插画,9905,57,606
书亦飞,https://img.zcool.cn/community/01374f5e4ff8d2a801216518a772a1.jpg@80w_80h_1c_1e_1o_100sh.jpg,书亦飞古风插画——于正作品《玉楼春》宣传海报,https://img.zcool.cn/community/010dcc5f3b54eea80120a821c003c9.jpg@260w_195h_1c_1e_1o_100sh.jpg,插画-商业插画,1.4w,61,665
STARTALK星话,https://img.zcool.cn/community/012b4b5e7dcdc7a80120a8958cd2d5.jpg@80w_80h_1c_1e_1o_100sh.jpg,【打开新视界，享受多彩生活】蔡司包装设计,https://img.zcool.cn/community/0155075f3a9950a80120a8211ebc84.jpg@260w_195h_1c_1e_1o_100sh.jpg,平面-包装,1.5w,63,795
bigballgao,https://img.zcool.cn/community/0464bf554909eb0000019ae90f2d48.jpg@80w_80h_1c_1e_1o_100sh.jpg,【绿衣女】,https://img.zcool.cn/community/01926b5f3b32f2a801215aa029cead.jpg@260w_195h_1c_1e_1o_100sh.jpg,影视-设定/分镜,1.3w,80,778
路遥Suvan,https://img.zcool.cn/community/004bee59269709b5b3086ed469b5a8.jpg@80w_80h_1c_1e_1o_100sh.jpg,最美西部之在路上宣言,https://img.zcool.cn/community/0129175f2fd1fba801215aa07241a6.jpg@260w_195h_1c_1e_1o_100sh.jpg,摄影-风光,9797,39,778
尽头,https://img.zcool.cn/community/01c51a5bc93e4fa8012099c8267937.jpg@80w_80h_1c_1e_1o_100sh.jpg,Redmi 10X系列＆K30至尊纪念版,https://img.zcool.cn/community/01c0215f3a8c53a801215aa081be2b.jpg@260w_195h_1c_1e_1o_100sh.jpg,网页-其他网页,1.1w,84,552
容品牌,https://img.zcool.cn/community/0113a75c21cfffa8012029ac6d64fd.jpg@80w_80h_1c_1e_1o_100sh.jpg,如何用文化 IP 重塑东方滋补文化？,https://img.zcool.cn/community/0160fa5f3a42d9a80120a821fc0586.jpg@260w_195h_1c_1e_1o_100sh.jpg,平面-包装,3.6w,58,612
超级何某某,https://img.zcool.cn/community/031dce05e6875e8a80120a8956d41e1.jpg@80w_80h_1c_1e_1o_100sh.jpg,keep u style姿态【动物摄影师何某某个人作品27】,https://img.zcool.cn/community/01cf375f3abfc9a80120a8219c93c4.jpg@260w_195h_1c_1e_1o_100sh.jpg,摄影-动物,3.2w,114,714
王丹青爱手创,https://img.zcool.cn/community/01bc035bf3b3fba80120925286c4af.jpg@80w_80h_1c_1e_1o_100sh.jpg,水族人民智慧结晶,https://img.zcool.cn/community/0181445f3b34a0a80120a821cd10ad.jpg@260w_195h_1c_1e_1o_100sh.jpg,手工艺-其他手工,8652,22,220
thomas看看世界,https://img.zcool.cn/community/0099c2593e2c1fa8012193a3098ef4.jpg@80w_80h_1c_1e_1o_100sh.jpg,手机摄影 - 内蒙青海,https://img.zcool.cn/community/0140045f3a78f3a80120a8218a3a38.jpg@260w_195h_1c_1e_1o_100sh.jpg,摄影-手机,1.3w,44,430
七七小菇凉,https://img.zcool.cn/community/0443be554740c90000019ae9529397.jpg@80w_80h_1c_1e_1o_100sh.jpg,平实不平庸-浅谈大师焦段50mm镜头,https://img.zcool.cn/community/01e8ba5f3ab614a80120a821abd249.jpg@260w_195h_1c_1e_1o_100sh.jpg,文章-教程-摄影,9476,37,209
站酷高高手,无,零基础也能拍高质量短片,https://img.zcool.cn/community/01d2c55f3dd7fba801215aa05e15ef.jpg,学习视频,无,无,无
treedom0,https://img.zcool.cn/community/0434ba553fb2ee0000014027ff8479.jpg@80w_80h_1c_1e_1o_100sh.jpg,青木2018/2019年度作品总结,https://img.zcool.cn/community/01f8595f3d100aa80120a821e21aa4.jpg@260w_195h_1c_1e_1o_100sh.jpg,其他-其他,1805,12,80
糖王周毅团队,https://img.zcool.cn/community/01792a5e10093ea80120a89583454d.jpg@80w_80h_1c_1e_1o_100sh.jpg,糖王团队2019英国国际蛋糕展金奖翻糖人偶作品<青白蛇>,https://img.zcool.cn/community/01079e5f3ddbcaa80120a8213773d7.jpg@260w_195h_1c_1e_1o_100sh.jpg,手工艺-手办/原型,1392,10,125
饭太稀Fan,https://img.zcool.cn/community/042ae95976d12ca8012193a3edc9e2.jpg@80w_80h_1c_1e_1o_100sh.jpg,花落,https://img.zcool.cn/community/01c90d5f3dc6e2a801215aa0cbcca0.jpg@260w_195h_1c_1e_1o_100sh.jpg,插画-商业插画,2558,15,323
宁大侠,https://img.zcool.cn/community/04b10756a2d6d40000017d89c44083.jpg@80w_80h_1c_1e_1o_100sh.jpg,日常-起了个大早篇,https://img.zcool.cn/community/01c60e5f3d10c8a801215aa0ff096c.jpg@260w_195h_1c_1e_1o_100sh.jpg,插画-插画习作,1234,7,59
站酷海洛,无,处暑节气原创插画,https://img.zcool.cn/community/01681e5f3dde3ca801215aa04a0cfe.jpg,精选图集,无,无,无
palwo,https://img.zcool.cn/community/043fcb582d7463a84a0d304f53b71c.jpg@80w_80h_1c_1e_1o_100sh.jpg,英雄联盟绽灵节游戏专题,https://img.zcool.cn/community/01cbf45f3e004aa80120a821cf7741.jpg@260w_195h_1c_1e_1o_100sh.jpg,网页-游戏/娱乐,3143,16,171
SEENVISION,https://img.zcool.cn/community/015d665c7f4593a80120af9adca359.jpg@80w_80h_1c_1e_1o_100sh.jpg,OPPO Reno4 Pro 艺术家限定版 KV_by seenvision ,https://img.zcool.cn/community/011e175f3e13eaa80120a8211aa73c.jpg@260w_195h_1c_1e_1o_100sh.jpg,平面-海报,6527,30,455
莲羊,https://img.zcool.cn/community/03109315efc7ea8a801215aa0bccb0a.jpg@80w_80h_1c_1e_1o_100sh.jpg,【岩彩】你的七夕大礼包《微光·月老》,https://img.zcool.cn/community/013ecd5f3cec89a801215aa085006a.jpg@260w_195h_1c_1e_1o_100sh.jpg,纯艺术-其他艺创,6625,14,183
奇舫社,https://img.zcool.cn/community/01daa85e5ddfcaa80120a895b85579.jpg@80w_80h_1c_1e_1o_100sh.jpg,尤妮佳 x 故宫,https://img.zcool.cn/community/01fcea5f3cdde2a80120a8217583b6.jpg@260w_195h_1c_1e_1o_100sh.jpg,插画-商业插画,9445,7,233
X老师会拍照,https://img.zcool.cn/community/03169045e09acffa80120a895435ea4.jpg@80w_80h_1c_1e_1o_100sh.jpg,三星 Galaxy Z Flip 5G （附布光图）,https://img.zcool.cn/community/019f275f3dd262a801215aa0e5bcd3.jpg@260w_195h_1c_1e_1o_100sh.jpg,摄影-产品,8786,20,212
七维视觉,https://img.zcool.cn/community/01ffb05f3e11d0a801215aa000f8f0.jpg@80w_80h_1c_1e_1o_100sh.jpg,曼逸运动新视觉X七维视觉,https://img.zcool.cn/community/01c88a5f3cfdaaa801215aa0eb028d.jpg@260w_195h_1c_1e_1o_100sh.jpg,网页-电商,5250,28,281
将军他爸,https://static.zcool.cn/git_z/z/images/boy.png,漫画：自己的婚姻 自己烩,https://img.zcool.cn/community/019f955f3c0abfa801215aa0106798.jpg@260w_195h_1c_1e_1o_100sh.jpg,动漫-中/长篇漫画,8696,55,511
酸梅干超人,https://img.zcool.cn/community/01b1015f1ef7bfa801215aa0ad2516.jpg@80w_80h_1c_1e_1o_100sh.jpg,10年经验总结的高效 UI 配色策略,https://img.zcool.cn/community/01ca2a5f3ce88ea801215aa0941795.jpg@260w_195h_1c_1e_1o_100sh.jpg,文章-教程-UI,9264,48,960
尚巍,https://img.zcool.cn/community/011af55e734520a80120a89505eccb.jpg@80w_80h_1c_1e_1o_100sh.jpg,尚巍手书,https://img.zcool.cn/community/0118a75f3cec9ca80120a82160b403.jpg@260w_195h_1c_1e_1o_100sh.jpg,平面-字体/字形,8588,37,166
胡晓波设计,https://img.zcool.cn/community/048702577b89fe0000012e7e85d4e5.jpg@80w_80h_1c_1e_1o_100sh.jpg,悠然民宿品牌设计,https://img.zcool.cn/community/01519b5f3ce9efa801215aa0cf6962.jpg@260w_195h_1c_1e_1o_100sh.jpg,平面-品牌,5.1w,90,1216
G5M6_AveLeung,https://img.zcool.cn/community/01ced65e83fdd7a801216518a35cfb.jpg@80w_80h_1c_1e_1o_100sh.jpg,2020青春芒果夜IP视觉设计,https://img.zcool.cn/community/0177af5f3ce368a801215aa076cfc0.jpg@260w_195h_1c_1e_1o_100sh.jpg,平面-吉祥物,1.6w,30,294
OCTOPUSCHIEN,https://img.zcool.cn/community/01e9655dedfedfa80120956831d96d.jpg@80w_80h_1c_1e_1o_100sh.jpg,HERU丨黑鹿,https://img.zcool.cn/community/011e0d5f3c8978a801215aa0d5f5b8.jpg@260w_195h_1c_1e_1o_100sh.jpg,平面-包装,9391,11,165
Fish慧,https://img.zcool.cn/community/04bb525974c50ca8010da6e4813509.jpg@80w_80h_1c_1e_1o_100sh.jpg,2019年游戏页面总结,https://img.zcool.cn/community/01f39b5f3cd643a801215aa04a3300.jpg@260w_195h_1c_1e_1o_100sh.jpg,网页-游戏/娱乐,9194,50,472
腰果虾仁,https://img.zcool.cn/community/004cd35950bfc8a8012193a37f8fbc.jpg@80w_80h_1c_1e_1o_100sh.jpg,去年夏天的某天,https://img.zcool.cn/community/01ab955f3ccc5ca801215aa0ba9516.jpg@260w_195h_1c_1e_1o_100sh.jpg,摄影-人像,8305,70,437
之南Karen,https://img.zcool.cn/community/00132a5b10f78ca801212d573dcf0b.jpg@80w_80h_1c_1e_1o_100sh.jpg,卢靖姗CelinaJade 《VWmagazine》,https://img.zcool.cn/community/0106325f3ba465a801215aa09129f3.jpg@260w_195h_1c_1e_1o_100sh.jpg,摄影-时尚,6780,19,160
陈绽,https://img.zcool.cn/community/002b175ae7b5e7a801219b7f40d1a3.jpg@80w_80h_1c_1e_1o_100sh.jpg,绽影像之《伐冰》,https://img.zcool.cn/community/01acc45f3bb84ea801215aa099a402.jpg@260w_195h_1c_1e_1o_100sh.jpg,摄影-静物,1.1w,36,737
兔纸鱼,https://img.zcool.cn/community/010a915e66120ca80120a89531e8cc.jpg@80w_80h_1c_1e_1o_100sh.jpg,🌈彩虹镇的小公主——小雾霾,https://img.zcool.cn/community/01e2ad5f3b8021a801215aa01e8ff8.jpg@260w_195h_1c_1e_1o_100sh.jpg,手工艺-手办/模玩,2.1w,86,381
一只YIZ,https://img.zcool.cn/community/0101925bac8603a8012099c8efb502.jpg@80w_80h_1c_1e_1o_100sh.jpg,王者荣耀三分夏日篇,https://img.zcool.cn/community/01cfee5f3b8ca6a80120a821c84c4a.jpg@260w_195h_1c_1e_1o_100sh.jpg,三维-动画/影视,1.4w,58,682
UoUstudio,https://img.zcool.cn/community/01767b5c0943dca80121ab5dafdb87.jpg@80w_80h_1c_1e_1o_100sh.jpg,REALME C15,https://img.zcool.cn/community/016d385f3b912ca801215aa0a4b217.jpg@260w_195h_1c_1e_1o_100sh.jpg,三维-产品,1.2w,35,535
核玩coreplay,https://img.zcool.cn/community/03113855bfb7a2aa801209252fd1b8e.jpg@80w_80h_1c_1e_1o_100sh.jpg,核玩coreplay 中国文化原创作品《熊猫门神》,https://img.zcool.cn/community/031aded5f3b8930a801215aa024a527.jpg@260w_195h_1c_1e_1o_100sh.jpg,工业/产品-玩具,1.7w,29,262
发海,https://img.zcool.cn/community/04319b57e0c16d0000012e7e7d7ac3.jpg@80w_80h_1c_1e_1o_100sh.jpg,Redmi,https://img.zcool.cn/community/014b8b5f3b5d0fa80120a8215d614f.jpg@260w_195h_1c_1e_1o_100sh.jpg,三维-产品,1.5w,48,551
Blackstation影像,https://img.zcool.cn/community/01dc305c4023d3a801213f26ac8092.jpg@80w_80h_1c_1e_1o_100sh.jpg,像素迪拜 快闪版,https://img.zcool.cn/community/01ef645f3b3bffa80120a821a8c721.jpg@260w_195h_1c_1e_1o_100sh.jpg,影视-短片,1.7w,37,337
雪鱼,https://img.zcool.cn/community/001ec95a30f0bca80120ba38915fe5.jpg@80w_80h_1c_1e_1o_100sh.jpg,浮生之尘,https://img.zcool.cn/community/018f515f3b70b6a80120a82115cfbe.jpg@260w_195h_1c_1e_1o_100sh.jpg,插画-商业插画,1.4w,50,672
李2wing,https://img.zcool.cn/community/0186b15d602dcda8012187f43f9a3f.jpg@80w_80h_1c_1e_1o_100sh.jpg,插画合集,https://img.zcool.cn/community/01fe405f3b5940a801215aa09f1de8.jpg@260w_195h_1c_1e_1o_100sh.jpg,插画-其他插画,9905,57,606
书亦飞,https://img.zcool.cn/community/01374f5e4ff8d2a801216518a772a1.jpg@80w_80h_1c_1e_1o_100sh.jpg,书亦飞古风插画——于正作品《玉楼春》宣传海报,https://img.zcool.cn/community/010dcc5f3b54eea80120a821c003c9.jpg@260w_195h_1c_1e_1o_100sh.jpg,插画-商业插画,1.4w,61,665
STARTALK星话,https://img.zcool.cn/community/012b4b5e7dcdc7a80120a8958cd2d5.jpg@80w_80h_1c_1e_1o_100sh.jpg,【打开新视界，享受多彩生活】蔡司包装设计,https://img.zcool.cn/community/0155075f3a9950a80120a8211ebc84.jpg@260w_195h_1c_1e_1o_100sh.jpg,平面-包装,1.5w,63,795
bigballgao,https://img.zcool.cn/community/0464bf554909eb0000019ae90f2d48.jpg@80w_80h_1c_1e_1o_100sh.jpg,【绿衣女】,https://img.zcool.cn/community/01926b5f3b32f2a801215aa029cead.jpg@260w_195h_1c_1e_1o_100sh.jpg,影视-设定/分镜,1.3w,80,778
路遥Suvan,https://img.zcool.cn/community/004bee59269709b5b3086ed469b5a8.jpg@80w_80h_1c_1e_1o_100sh.jpg,最美西部之在路上宣言,https://img.zcool.cn/community/0129175f2fd1fba801215aa07241a6.jpg@260w_195h_1c_1e_1o_100sh.jpg,摄影-风光,9797,39,778
尽头,https://img.zcool.cn/community/01c51a5bc93e4fa8012099c8267937.jpg@80w_80h_1c_1e_1o_100sh.jpg,Redmi 10X系列＆K30至尊纪念版,https://img.zcool.cn/community/01c0215f3a8c53a801215aa081be2b.jpg@260w_195h_1c_1e_1o_100sh.jpg,网页-其他网页,1.1w,84,552
容品牌,https://img.zcool.cn/community/0113a75c21cfffa8012029ac6d64fd.jpg@80w_80h_1c_1e_1o_100sh.jpg,如何用文化 IP 重塑东方滋补文化？,https://img.zcool.cn/community/0160fa5f3a42d9a80120a821fc0586.jpg@260w_195h_1c_1e_1o_100sh.jpg,平面-包装,3.6w,58,612
超级何某某,https://img.zcool.cn/community/031dce05e6875e8a80120a8956d41e1.jpg@80w_80h_1c_1e_1o_100sh.jpg,keep u style姿态【动物摄影师何某某个人作品27】,https://img.zcool.cn/community/01cf375f3abfc9a80120a8219c93c4.jpg@260w_195h_1c_1e_1o_100sh.jpg,摄影-动物,3.2w,114,714
王丹青爱手创,https://img.zcool.cn/community/01bc035bf3b3fba80120925286c4af.jpg@80w_80h_1c_1e_1o_100sh.jpg,水族人民智慧结晶,https://img.zcool.cn/community/0181445f3b34a0a80120a821cd10ad.jpg@260w_195h_1c_1e_1o_100sh.jpg,手工艺-其他手工,8652,22,220
thomas看看世界,https://img.zcool.cn/community/0099c2593e2c1fa8012193a3098ef4.jpg@80w_80h_1c_1e_1o_100sh.jpg,手机摄影 - 内蒙青海,https://img.zcool.cn/community/0140045f3a78f3a80120a8218a3a38.jpg@260w_195h_1c_1e_1o_100sh.jpg,摄影-手机,1.3w,44,430
七七小菇凉,https://img.zcool.cn/community/0443be554740c90000019ae9529397.jpg@80w_80h_1c_1e_1o_100sh.jpg,平实不平庸-浅谈大师焦段50mm镜头,https://img.zcool.cn/community/01e8ba5f3ab614a80120a821abd249.jpg@260w_195h_1c_1e_1o_100sh.jpg,文章-教程-摄影,9476,37,209
站酷高高手,无,零基础也能拍高质量短片,https://img.zcool.cn/community/01d2c55f3dd7fba801215aa05e15ef.jpg,学习视频,无,无,无
treedom0,https://img.zcool.cn/community/0434ba553fb2ee0000014027ff8479.jpg@80w_80h_1c_1e_1o_100sh.jpg,青木2018/2019年度作品总结,https://img.zcool.cn/community/01f8595f3d100aa80120a821e21aa4.jpg@260w_195h_1c_1e_1o_100sh.jpg,其他-其他,1805,12,80
糖王周毅团队,https://img.zcool.cn/community/01792a5e10093ea80120a89583454d.jpg@80w_80h_1c_1e_1o_100sh.jpg,糖王团队2019英国国际蛋糕展金奖翻糖人偶作品<青白蛇>,https://img.zcool.cn/community/01079e5f3ddbcaa80120a8213773d7.jpg@260w_195h_1c_1e_1o_100sh.jpg,手工艺-手办/原型,1392,10,125
饭太稀Fan,https://img.zcool.cn/community/042ae95976d12ca8012193a3edc9e2.jpg@80w_80h_1c_1e_1o_100sh.jpg,花落,https://img.zcool.cn/community/01c90d5f3dc6e2a801215aa0cbcca0.jpg@260w_195h_1c_1e_1o_100sh.jpg,插画-商业插画,2558,15,323
宁大侠,https://img.zcool.cn/community/04b10756a2d6d40000017d89c44083.jpg@80w_80h_1c_1e_1o_100sh.jpg,日常-起了个大早篇,https://img.zcool.cn/community/01c60e5f3d10c8a801215aa0ff096c.jpg@260w_195h_1c_1e_1o_100sh.jpg,插画-插画习作,1234,7,59
站酷海洛,无,处暑节气原创插画,https://img.zcool.cn/community/01681e5f3dde3ca801215aa04a0cfe.jpg,精选图集,无,无,无
palwo,https://img.zcool.cn/community/043fcb582d7463a84a0d304f53b71c.jpg@80w_80h_1c_1e_1o_100sh.jpg,英雄联盟绽灵节游戏专题,https://img.zcool.cn/community/01cbf45f3e004aa80120a821cf7741.jpg@260w_195h_1c_1e_1o_100sh.jpg,网页-游戏/娱乐,3143,16,171
SEENVISION,https://img.zcool.cn/community/015d665c7f4593a80120af9adca359.jpg@80w_80h_1c_1e_1o_100sh.jpg,OPPO Reno4 Pro 艺术家限定版 KV_by seenvision ,https://img.zcool.cn/community/011e175f3e13eaa80120a8211aa73c.jpg@260w_195h_1c_1e_1o_100sh.jpg,平面-海报,6527,30,455
莲羊,https://img.zcool.cn/community/03109315efc7ea8a801215aa0bccb0a.jpg@80w_80h_1c_1e_1o_100sh.jpg,【岩彩】你的七夕大礼包《微光·月老》,https://img.zcool.cn/community/013ecd5f3cec89a801215aa085006a.jpg@260w_195h_1c_1e_1o_100sh.jpg,纯艺术-其他艺创,6625,14,183
奇舫社,https://img.zcool.cn/community/01daa85e5ddfcaa80120a895b85579.jpg@80w_80h_1c_1e_1o_100sh.jpg,尤妮佳 x 故宫,https://img.zcool.cn/community/01fcea5f3cdde2a80120a8217583b6.jpg@260w_195h_1c_1e_1o_100sh.jpg,插画-商业插画,9445,7,233
X老师会拍照,https://img.zcool.cn/community/03169045e09acffa80120a895435ea4.jpg@80w_80h_1c_1e_1o_100sh.jpg,三星 Galaxy Z Flip 5G （附布光图）,https://img.zcool.cn/community/019f275f3dd262a801215aa0e5bcd3.jpg@260w_195h_1c_1e_1o_100sh.jpg,摄影-产品,8786,20,212
七维视觉,https://img.zcool.cn/community/01ffb05f3e11d0a801215aa000f8f0.jpg@80w_80h_1c_1e_1o_100sh.jpg,曼逸运动新视觉X七维视觉,https://img.zcool.cn/community/01c88a5f3cfdaaa801215aa0eb028d.jpg@260w_195h_1c_1e_1o_100sh.jpg,网页-电商,5250,28,281
将军他爸,https://static.zcool.cn/git_z/z/images/boy.png,漫画：自己的婚姻 自己烩,https://img.zcool.cn/community/019f955f3c0abfa801215aa0106798.jpg@260w_195h_1c_1e_1o_100sh.jpg,动漫-中/长篇漫画,8696,55,511
酸梅干超人,https://img.zcool.cn/community/01b1015f1ef7bfa801215aa0ad2516.jpg@80w_80h_1c_1e_1o_100sh.jpg,10年经验总结的高效 UI 配色策略,https://img.zcool.cn/community/01ca2a5f3ce88ea801215aa0941795.jpg@260w_195h_1c_1e_1o_100sh.jpg,文章-教程-UI,9264,48,960
尚巍,https://img.zcool.cn/community/011af55e734520a80120a89505eccb.jpg@80w_80h_1c_1e_1o_100sh.jpg,尚巍手书,https://img.zcool.cn/community/0118a75f3cec9ca80120a82160b403.jpg@260w_195h_1c_1e_1o_100sh.jpg,平面-字体/字形,8588,37,166
胡晓波设计,https://img.zcool.cn/community/048702577b89fe0000012e7e85d4e5.jpg@80w_80h_1c_1e_1o_100sh.jpg,悠然民宿品牌设计,https://img.zcool.cn/community/01519b5f3ce9efa801215aa0cf6962.jpg@260w_195h_1c_1e_1o_100sh.jpg,平面-品牌,5.1w,90,1216
G5M6_AveLeung,https://img.zcool.cn/community/01ced65e83fdd7a801216518a35cfb.jpg@80w_80h_1c_1e_1o_100sh.jpg,2020青春芒果夜IP视觉设计,https://img.zcool.cn/community/0177af5f3ce368a801215aa076cfc0.jpg@260w_195h_1c_1e_1o_100sh.jpg,平面-吉祥物,1.6w,30,294
OCTOPUSCHIEN,https://img.zcool.cn/community/01e9655dedfedfa80120956831d96d.jpg@80w_80h_1c_1e_1o_100sh.jpg,HERU丨黑鹿,https://img.zcool.cn/community/011e0d5f3c8978a801215aa0d5f5b8.jpg@260w_195h_1c_1e_1o_100sh.jpg,平面-包装,9391,11,165
Fish慧,https://img.zcool.cn/community/04bb525974c50ca8010da6e4813509.jpg@80w_80h_1c_1e_1o_100sh.jpg,2019年游戏页面总结,https://img.zcool.cn/community/01f39b5f3cd643a801215aa04a3300.jpg@260w_195h_1c_1e_1o_100sh.jpg,网页-游戏/娱乐,9194,50,472
腰果虾仁,https://img.zcool.cn/community/004cd35950bfc8a8012193a37f8fbc.jpg@80w_80h_1c_1e_1o_100sh.jpg,去年夏天的某天,https://img.zcool.cn/community/01ab955f3ccc5ca801215aa0ba9516.jpg@260w_195h_1c_1e_1o_100sh.jpg,摄影-人像,8305,70,437
之南Karen,https://img.zcool.cn/community/00132a5b10f78ca801212d573dcf0b.jpg@80w_80h_1c_1e_1o_100sh.jpg,卢靖姗CelinaJade 《VWmagazine》,https://img.zcool.cn/community/0106325f3ba465a801215aa09129f3.jpg@260w_195h_1c_1e_1o_100sh.jpg,摄影-时尚,6780,19,160
陈绽,https://img.zcool.cn/community/002b175ae7b5e7a801219b7f40d1a3.jpg@80w_80h_1c_1e_1o_100sh.jpg,绽影像之《伐冰》,https://img.zcool.cn/community/01acc45f3bb84ea801215aa099a402.jpg@260w_195h_1c_1e_1o_100sh.jpg,摄影-静物,1.1w,36,737
兔纸鱼,https://img.zcool.cn/community/010a915e66120ca80120a89531e8cc.jpg@80w_80h_1c_1e_1o_100sh.jpg,🌈彩虹镇的小公主——小雾霾,https://img.zcool.cn/community/01e2ad5f3b8021a801215aa01e8ff8.jpg@260w_195h_1c_1e_1o_100sh.jpg,手工艺-手办/模玩,2.1w,86,381
一只YIZ,https://img.zcool.cn/community/0101925bac8603a8012099c8efb502.jpg@80w_80h_1c_1e_1o_100sh.jpg,王者荣耀三分夏日篇,https://img.zcool.cn/community/01cfee5f3b8ca6a80120a821c84c4a.jpg@260w_195h_1c_1e_1o_100sh.jpg,三维-动画/影视,1.4w,58,682
UoUstudio,https://img.zcool.cn/community/01767b5c0943dca80121ab5dafdb87.jpg@80w_80h_1c_1e_1o_100sh.jpg,REALME C15,https://img.zcool.cn/community/016d385f3b912ca801215aa0a4b217.jpg@260w_195h_1c_1e_1o_100sh.jpg,三维-产品,1.2w,35,535
核玩coreplay,https://img.zcool.cn/community/03113855bfb7a2aa801209252fd1b8e.jpg@80w_80h_1c_1e_1o_100sh.jpg,核玩coreplay 中国文化原创作品《熊猫门神》,https://img.zcool.cn/community/031aded5f3b8930a801215aa024a527.jpg@260w_195h_1c_1e_1o_100sh.jpg,工业/产品-玩具,1.7w,29,262
发海,https://img.zcool.cn/community/04319b57e0c16d0000012e7e7d7ac3.jpg@80w_80h_1c_1e_1o_100sh.jpg,Redmi,https://img.zcool.cn/community/014b8b5f3b5d0fa80120a8215d614f.jpg@260w_195h_1c_1e_1o_100sh.jpg,三维-产品,1.5w,48,551
Blackstation影像,https://img.zcool.cn/community/01dc305c4023d3a801213f26ac8092.jpg@80w_80h_1c_1e_1o_100sh.jpg,像素迪拜 快闪版,https://img.zcool.cn/community/01ef645f3b3bffa80120a821a8c721.jpg@260w_195h_1c_1e_1o_100sh.jpg,影视-短片,1.7w,37,337
雪鱼,https://img.zcool.cn/community/001ec95a30f0bca80120ba38915fe5.jpg@80w_80h_1c_1e_1o_100sh.jpg,浮生之尘,https://img.zcool.cn/community/018f515f3b70b6a80120a82115cfbe.jpg@260w_195h_1c_1e_1o_100sh.jpg,插画-商业插画,1.4w,50,672
李2wing,https://img.zcool.cn/community/0186b15d602dcda8012187f43f9a3f.jpg@80w_80h_1c_1e_1o_100sh.jpg,插画合集,https://img.zcool.cn/community/01fe405f3b5940a801215aa09f1de8.jpg@260w_195h_1c_1e_1o_100sh.jpg,插画-其他插画,9905,57,606
书亦飞,https://img.zcool.cn/community/01374f5e4ff8d2a801216518a772a1.jpg@80w_80h_1c_1e_1o_100sh.jpg,书亦飞古风插画——于正作品《玉楼春》宣传海报,https://img.zcool.cn/community/010dcc5f3b54eea80120a821c003c9.jpg@260w_195h_1c_1e_1o_100sh.jpg,插画-商业插画,1.4w,61,665
STARTALK星话,https://img.zcool.cn/community/012b4b5e7dcdc7a80120a8958cd2d5.jpg@80w_80h_1c_1e_1o_100sh.jpg,【打开新视界，享受多彩生活】蔡司包装设计,https://img.zcool.cn/community/0155075f3a9950a80120a8211ebc84.jpg@260w_195h_1c_1e_1o_100sh.jpg,平面-包装,1.5w,63,795
bigballgao,https://img.zcool.cn/community/0464bf554909eb0000019ae90f2d48.jpg@80w_80h_1c_1e_1o_100sh.jpg,【绿衣女】,https://img.zcool.cn/community/01926b5f3b32f2a801215aa029cead.jpg@260w_195h_1c_1e_1o_100sh.jpg,影视-设定/分镜,1.3w,80,778
路遥Suvan,https://img.zcool.cn/community/004bee59269709b5b3086ed469b5a8.jpg@80w_80h_1c_1e_1o_100sh.jpg,最美西部之在路上宣言,https://img.zcool.cn/community/0129175f2fd1fba801215aa07241a6.jpg@260w_195h_1c_1e_1o_100sh.jpg,摄影-风光,9797,39,778
尽头,https://img.zcool.cn/community/01c51a5bc93e4fa8012099c8267937.jpg@80w_80h_1c_1e_1o_100sh.jpg,Redmi 10X系列＆K30至尊纪念版,https://img.zcool.cn/community/01c0215f3a8c53a801215aa081be2b.jpg@260w_195h_1c_1e_1o_100sh.jpg,网页-其他网页,1.1w,84,552
容品牌,https://img.zcool.cn/community/0113a75c21cfffa8012029ac6d64fd.jpg@80w_80h_1c_1e_1o_100sh.jpg,如何用文化 IP 重塑东方滋补文化？,https://img.zcool.cn/community/0160fa5f3a42d9a80120a821fc0586.jpg@260w_195h_1c_1e_1o_100sh.jpg,平面-包装,3.6w,58,612
超级何某某,https://img.zcool.cn/community/031dce05e6875e8a80120a8956d41e1.jpg@80w_80h_1c_1e_1o_100sh.jpg,keep u style姿态【动物摄影师何某某个人作品27】,https://img.zcool.cn/community/01cf375f3abfc9a80120a8219c93c4.jpg@260w_195h_1c_1e_1o_100sh.jpg,摄影-动物,3.2w,114,714
王丹青爱手创,https://img.zcool.cn/community/01bc035bf3b3fba80120925286c4af.jpg@80w_80h_1c_1e_1o_100sh.jpg,水族人民智慧结晶,https://img.zcool.cn/community/0181445f3b34a0a80120a821cd10ad.jpg@260w_195h_1c_1e_1o_100sh.jpg,手工艺-其他手工,8652,22,220
thomas看看世界,https://img.zcool.cn/community/0099c2593e2c1fa8012193a3098ef4.jpg@80w_80h_1c_1e_1o_100sh.jpg,手机摄影 - 内蒙青海,https://img.zcool.cn/community/0140045f3a78f3a80120a8218a3a38.jpg@260w_195h_1c_1e_1o_100sh.jpg,摄影-手机,1.3w,44,430
七七小菇凉,https://img.zcool.cn/community/0443be554740c90000019ae9529397.jpg@80w_80h_1c_1e_1o_100sh.jpg,平实不平庸-浅谈大师焦段50mm镜头,https://img.zcool.cn/community/01e8ba5f3ab614a80120a821abd249.jpg@260w_195h_1c_1e_1o_100sh.jpg,文章-教程-摄影,9476,37,209
站酷高高手,无,零基础也能拍高质量短片,https://img.zcool.cn/community/01d2c55f3dd7fba801215aa05e15ef.jpg,学习视频,无,无,无
treedom0,https://img.zcool.cn/community/0434ba553fb2ee0000014027ff8479.jpg@80w_80h_1c_1e_1o_100sh.jpg,青木2018/2019年度作品总结,https://img.zcool.cn/community/01f8595f3d100aa80120a821e21aa4.jpg@260w_195h_1c_1e_1o_100sh.jpg,其他-其他,1805,12,80
糖王周毅团队,https://img.zcool.cn/community/01792a5e10093ea80120a89583454d.jpg@80w_80h_1c_1e_1o_100sh.jpg,糖王团队2019英国国际蛋糕展金奖翻糖人偶作品<青白蛇>,https://img.zcool.cn/community/01079e5f3ddbcaa80120a8213773d7.jpg@260w_195h_1c_1e_1o_100sh.jpg,手工艺-手办/原型,1392,10,125
饭太稀Fan,https://img.zcool.cn/community/042ae95976d12ca8012193a3edc9e2.jpg@80w_80h_1c_1e_1o_100sh.jpg,花落,https://img.zcool.cn/community/01c90d5f3dc6e2a801215aa0cbcca0.jpg@260w_195h_1c_1e_1o_100sh.jpg,插画-商业插画,2558,15,323
宁大侠,https://img.zcool.cn/community/04b10756a2d6d40000017d89c44083.jpg@80w_80h_1c_1e_1o_100sh.jpg,日常-起了个大早篇,https://img.zcool.cn/community/01c60e5f3d10c8a801215aa0ff096c.jpg@260w_195h_1c_1e_1o_100sh.jpg,插画-插画习作,1234,7,59
站酷海洛,无,处暑节气原创插画,https://img.zcool.cn/community/01681e5f3dde3ca801215aa04a0cfe.jpg,精选图集,无,无,无
palwo,https://img.zcool.cn/community/043fcb582d7463a84a0d304f53b71c.jpg@80w_80h_1c_1e_1o_100sh.jpg,英雄联盟绽灵节游戏专题,https://img.zcool.cn/community/01cbf45f3e004aa80120a821cf7741.jpg@260w_195h_1c_1e_1o_100sh.jpg,网页-游戏/娱乐,3143,16,171
SEENVISION,https://img.zcool.cn/community/015d665c7f4593a80120af9adca359.jpg@80w_80h_1c_1e_1o_100sh.jpg,OPPO Reno4 Pro 艺术家限定版 KV_by seenvision ,https://img.zcool.cn/community/011e175f3e13eaa80120a8211aa73c.jpg@260w_195h_1c_1e_1o_100sh.jpg,平面-海报,6527,30,455
莲羊,https://img.zcool.cn/community/03109315efc7ea8a801215aa0bccb0a.jpg@80w_80h_1c_1e_1o_100sh.jpg,【岩彩】你的七夕大礼包《微光·月老》,https://img.zcool.cn/community/013ecd5f3cec89a801215aa085006a.jpg@260w_195h_1c_1e_1o_100sh.jpg,纯艺术-其他艺创,6625,14,183
奇舫社,https://img.zcool.cn/community/01daa85e5ddfcaa80120a895b85579.jpg@80w_80h_1c_1e_1o_100sh.jpg,尤妮佳 x 故宫,https://img.zcool.cn/community/01fcea5f3cdde2a80120a8217583b6.jpg@260w_195h_1c_1e_1o_100sh.jpg,插画-商业插画,9445,7,233
X老师会拍照,https://img.zcool.cn/community/03169045e09acffa80120a895435ea4.jpg@80w_80h_1c_1e_1o_100sh.jpg,三星 Galaxy Z Flip 5G （附布光图）,https://img.zcool.cn/community/019f275f3dd262a801215aa0e5bcd3.jpg@260w_195h_1c_1e_1o_100sh.jpg,摄影-产品,8786,20,212
七维视觉,https://img.zcool.cn/community/01ffb05f3e11d0a801215aa000f8f0.jpg@80w_80h_1c_1e_1o_100sh.jpg,曼逸运动新视觉X七维视觉,https://img.zcool.cn/community/01c88a5f3cfdaaa801215aa0eb028d.jpg@260w_195h_1c_1e_1o_100sh.jpg,网页-电商,5250,28,281
将军他爸,https://static.zcool.cn/git_z/z/images/boy.png,漫画：自己的婚姻 自己烩,https://img.zcool.cn/community/019f955f3c0abfa801215aa0106798.jpg@260w_195h_1c_1e_1o_100sh.jpg,动漫-中/长篇漫画,8696,55,511
酸梅干超人,https://img.zcool.cn/community/01b1015f1ef7bfa801215aa0ad2516.jpg@80w_80h_1c_1e_1o_100sh.jpg,10年经验总结的高效 UI 配色策略,https://img.zcool.cn/community/01ca2a5f3ce88ea801215aa0941795.jpg@260w_195h_1c_1e_1o_100sh.jpg,文章-教程-UI,9264,48,960
尚巍,https://img.zcool.cn/community/011af55e734520a80120a89505eccb.jpg@80w_80h_1c_1e_1o_100sh.jpg,尚巍手书,https://img.zcool.cn/community/0118a75f3cec9ca80120a82160b403.jpg@260w_195h_1c_1e_1o_100sh.jpg,平面-字体/字形,8588,37,166
胡晓波设计,https://img.zcool.cn/community/048702577b89fe0000012e7e85d4e5.jpg@80w_80h_1c_1e_1o_100sh.jpg,悠然民宿品牌设计,https://img.zcool.cn/community/01519b5f3ce9efa801215aa0cf6962.jpg@260w_195h_1c_1e_1o_100sh.jpg,平面-品牌,5.1w,90,1216
G5M6_AveLeung,https://img.zcool.cn/community/01ced65e83fdd7a801216518a35cfb.jpg@80w_80h_1c_1e_1o_100sh.jpg,2020青春芒果夜IP视觉设计,https://img.zcool.cn/community/0177af5f3ce368a801215aa076cfc0.jpg@260w_195h_1c_1e_1o_100sh.jpg,平面-吉祥物,1.6w,30,294
OCTOPUSCHIEN,https://img.zcool.cn/community/01e9655dedfedfa80120956831d96d.jpg@80w_80h_1c_1e_1o_100sh.jpg,HERU丨黑鹿,https://img.zcool.cn/community/011e0d5f3c8978a801215aa0d5f5b8.jpg@260w_195h_1c_1e_1o_100sh.jpg,平面-包装,9391,11,165
Fish慧,https://img.zcool.cn/community/04bb525974c50ca8010da6e4813509.jpg@80w_80h_1c_1e_1o_100sh.jpg,2019年游戏页面总结,https://img.zcool.cn/community/01f39b5f3cd643a801215aa04a3300.jpg@260w_195h_1c_1e_1o_100sh.jpg,网页-游戏/娱乐,9194,50,472
腰果虾仁,https://img.zcool.cn/community/004cd35950bfc8a8012193a37f8fbc.jpg@80w_80h_1c_1e_1o_100sh.jpg,去年夏天的某天,https://img.zcool.cn/community/01ab955f3ccc5ca801215aa0ba9516.jpg@260w_195h_1c_1e_1o_100sh.jpg,摄影-人像,8305,70,437
之南Karen,https://img.zcool.cn/community/00132a5b10f78ca801212d573dcf0b.jpg@80w_80h_1c_1e_1o_100sh.jpg,卢靖姗CelinaJade 《VWmagazine》,https://img.zcool.cn/community/0106325f3ba465a801215aa09129f3.jpg@260w_195h_1c_1e_1o_100sh.jpg,摄影-时尚,6780,19,160
陈绽,https://img.zcool.cn/community/002b175ae7b5e7a801219b7f40d1a3.jpg@80w_80h_1c_1e_1o_100sh.jpg,绽影像之《伐冰》,https://img.zcool.cn/community/01acc45f3bb84ea801215aa099a402.jpg@260w_195h_1c_1e_1o_100sh.jpg,摄影-静物,1.1w,36,737
兔纸鱼,https://img.zcool.cn/community/010a915e66120ca80120a89531e8cc.jpg@80w_80h_1c_1e_1o_100sh.jpg,🌈彩虹镇的小公主——小雾霾,https://img.zcool.cn/community/01e2ad5f3b8021a801215aa01e8ff8.jpg@260w_195h_1c_1e_1o_100sh.jpg,手工艺-手办/模玩,2.1w,86,381
一只YIZ,https://img.zcool.cn/community/0101925bac8603a8012099c8efb502.jpg@80w_80h_1c_1e_1o_100sh.jpg,王者荣耀三分夏日篇,https://img.zcool.cn/community/01cfee5f3b8ca6a80120a821c84c4a.jpg@260w_195h_1c_1e_1o_100sh.jpg,三维-动画/影视,1.4w,58,682
UoUstudio,https://img.zcool.cn/community/01767b5c0943dca80121ab5dafdb87.jpg@80w_80h_1c_1e_1o_100sh.jpg,REALME C15,https://img.zcool.cn/community/016d385f3b912ca801215aa0a4b217.jpg@260w_195h_1c_1e_1o_100sh.jpg,三维-产品,1.2w,35,535
核玩coreplay,https://img.zcool.cn/community/03113855bfb7a2aa801209252fd1b8e.jpg@80w_80h_1c_1e_1o_100sh.jpg,核玩coreplay 中国文化原创作品《熊猫门神》,https://img.zcool.cn/community/031aded5f3b8930a801215aa024a527.jpg@260w_195h_1c_1e_1o_100sh.jpg,工业/产品-玩具,1.7w,29,262
发海,https://img.zcool.cn/community/04319b57e0c16d0000012e7e7d7ac3.jpg@80w_80h_1c_1e_1o_100sh.jpg,Redmi,https://img.zcool.cn/community/014b8b5f3b5d0fa80120a8215d614f.jpg@260w_195h_1c_1e_1o_100sh.jpg,三维-产品,1.5w,48,551
Blackstation影像,https://img.zcool.cn/community/01dc305c4023d3a801213f26ac8092.jpg@80w_80h_1c_1e_1o_100sh.jpg,像素迪拜 快闪版,https://img.zcool.cn/community/01ef645f3b3bffa80120a821a8c721.jpg@260w_195h_1c_1e_1o_100sh.jpg,影视-短片,1.7w,37,337
雪鱼,https://img.zcool.cn/community/001ec95a30f0bca80120ba38915fe5.jpg@80w_80h_1c_1e_1o_100sh.jpg,浮生之尘,https://img.zcool.cn/community/018f515f3b70b6a80120a82115cfbe.jpg@260w_195h_1c_1e_1o_100sh.jpg,插画-商业插画,1.4w,50,672
李2wing,https://img.zcool.cn/community/0186b15d602dcda8012187f43f9a3f.jpg@80w_80h_1c_1e_1o_100sh.jpg,插画合集,https://img.zcool.cn/community/01fe405f3b5940a801215aa09f1de8.jpg@260w_195h_1c_1e_1o_100sh.jpg,插画-其他插画,9905,57,606
书亦飞,https://img.zcool.cn/community/01374f5e4ff8d2a801216518a772a1.jpg@80w_80h_1c_1e_1o_100sh.jpg,书亦飞古风插画——于正作品《玉楼春》宣传海报,https://img.zcool.cn/community/010dcc5f3b54eea80120a821c003c9.jpg@260w_195h_1c_1e_1o_100sh.jpg,插画-商业插画,1.4w,61,665
STARTALK星话,https://img.zcool.cn/community/012b4b5e7dcdc7a80120a8958cd2d5.jpg@80w_80h_1c_1e_1o_100sh.jpg,【打开新视界，享受多彩生活】蔡司包装设计,https://img.zcool.cn/community/0155075f3a9950a80120a8211ebc84.jpg@260w_195h_1c_1e_1o_100sh.jpg,平面-包装,1.5w,63,795
bigballgao,https://img.zcool.cn/community/0464bf554909eb0000019ae90f2d48.jpg@80w_80h_1c_1e_1o_100sh.jpg,【绿衣女】,https://img.zcool.cn/community/01926b5f3b32f2a801215aa029cead.jpg@260w_195h_1c_1e_1o_100sh.jpg,影视-设定/分镜,1.3w,80,778
路遥Suvan,https://img.zcool.cn/community/004bee59269709b5b3086ed469b5a8.jpg@80w_80h_1c_1e_1o_100sh.jpg,最美西部之在路上宣言,https://img.zcool.cn/community/0129175f2fd1fba801215aa07241a6.jpg@260w_195h_1c_1e_1o_100sh.jpg,摄影-风光,9797,39,778
尽头,https://img.zcool.cn/community/01c51a5bc93e4fa8012099c8267937.jpg@80w_80h_1c_1e_1o_100sh.jpg,Redmi 10X系列＆K30至尊纪念版,https://img.zcool.cn/community/01c0215f3a8c53a801215aa081be2b.jpg@260w_195h_1c_1e_1o_100sh.jpg,网页-其他网页,1.1w,84,552
容品牌,https://img.zcool.cn/community/0113a75c21cfffa8012029ac6d64fd.jpg@80w_80h_1c_1e_1o_100sh.jpg,如何用文化 IP 重塑东方滋补文化？,https://img.zcool.cn/community/0160fa5f3a42d9a80120a821fc0586.jpg@260w_195h_1c_1e_1o_100sh.jpg,平面-包装,3.6w,58,612
超级何某某,https://img.zcool.cn/community/031dce05e6875e8a80120a8956d41e1.jpg@80w_80h_1c_1e_1o_100sh.jpg,keep u style姿态【动物摄影师何某某个人作品27】,https://img.zcool.cn/community/01cf375f3abfc9a80120a8219c93c4.jpg@260w_195h_1c_1e_1o_100sh.jpg,摄影-动物,3.2w,114,714
王丹青爱手创,https://img.zcool.cn/community/01bc035bf3b3fba80120925286c4af.jpg@80w_80h_1c_1e_1o_100sh.jpg,水族人民智慧结晶,https://img.zcool.cn/community/0181445f3b34a0a80120a821cd10ad.jpg@260w_195h_1c_1e_1o_100sh.jpg,手工艺-其他手工,8652,22,220
thomas看看世界,https://img.zcool.cn/community/0099c2593e2c1fa8012193a3098ef4.jpg@80w_80h_1c_1e_1o_100sh.jpg,手机摄影 - 内蒙青海,https://img.zcool.cn/community/0140045f3a78f3a80120a8218a3a38.jpg@260w_195h_1c_1e_1o_100sh.jpg,摄影-手机,1.3w,44,430
七七小菇凉,https://img.zcool.cn/community/0443be554740c90000019ae9529397.jpg@80w_80h_1c_1e_1o_100sh.jpg,平实不平庸-浅谈大师焦段50mm镜头,https://img.zcool.cn/community/01e8ba5f3ab614a80120a821abd249.jpg@260w_195h_1c_1e_1o_100sh.jpg,文章-教程-摄影,9476,37,209
站酷高高手,无,零基础也能拍高质量短片,https://img.zcool.cn/community/01d2c55f3dd7fba801215aa05e15ef.jpg,学习视频,无,无,无
treedom0,https://img.zcool.cn/community/0434ba553fb2ee0000014027ff8479.jpg@80w_80h_1c_1e_1o_100sh.jpg,青木2018/2019年度作品总结,https://img.zcool.cn/community/01f8595f3d100aa80120a821e21aa4.jpg@260w_195h_1c_1e_1o_100sh.jpg,其他-其他,1805,12,80
糖王周毅团队,https://img.zcool.cn/community/01792a5e10093ea80120a89583454d.jpg@80w_80h_1c_1e_1o_100sh.jpg,糖王团队2019英国国际蛋糕展金奖翻糖人偶作品<青白蛇>,https://img.zcool.cn/community/01079e5f3ddbcaa80120a8213773d7.jpg@260w_195h_1c_1e_1o_100sh.jpg,手工艺-手办/原型,1392,10,125
饭太稀Fan,https://img.zcool.cn/community/042ae95976d12ca8012193a3edc9e2.jpg@80w_80h_1c_1e_1o_100sh.jpg,花落,https://img.zcool.cn/community/01c90d5f3dc6e2a801215aa0cbcca0.jpg@260w_195h_1c_1e_1o_100sh.jpg,插画-商业插画,2558,15,323
宁大侠,https://img.zcool.cn/community/04b10756a2d6d40000017d89c44083.jpg@80w_80h_1c_1e_1o_100sh.jpg,日常-起了个大早篇,https://img.zcool.cn/community/01c60e5f3d10c8a801215aa0ff096c.jpg@260w_195h_1c_1e_1o_100sh.jpg,插画-插画习作,1234,7,59
站酷海洛,无,处暑节气原创插画,https://img.zcool.cn/community/01681e5f3dde3ca801215aa04a0cfe.jpg,精选图集,无,无,无
palwo,https://img.zcool.cn/community/043fcb582d7463a84a0d304f53b71c.jpg@80w_80h_1c_1e_1o_100sh.jpg,英雄联盟绽灵节游戏专题,https://img.zcool.cn/community/01cbf45f3e004aa80120a821cf7741.jpg@260w_195h_1c_1e_1o_100sh.jpg,网页-游戏/娱乐,3143,16,171
SEENVISION,https://img.zcool.cn/community/015d665c7f4593a80120af9adca359.jpg@80w_80h_1c_1e_1o_100sh.jpg,OPPO Reno4 Pro 艺术家限定版 KV_by seenvision ,https://img.zcool.cn/community/011e175f3e13eaa80120a8211aa73c.jpg@260w_195h_1c_1e_1o_100sh.jpg,平面-海报,6527,30,455
莲羊,https://img.zcool.cn/community/03109315efc7ea8a801215aa0bccb0a.jpg@80w_80h_1c_1e_1o_100sh.jpg,【岩彩】你的七夕大礼包《微光·月老》,https://img.zcool.cn/community/013ecd5f3cec89a801215aa085006a.jpg@260w_195h_1c_1e_1o_100sh.jpg,纯艺术-其他艺创,6625,14,183
奇舫社,https://img.zcool.cn/community/01daa85e5ddfcaa80120a895b85579.jpg@80w_80h_1c_1e_1o_100sh.jpg,尤妮佳 x 故宫,https://img.zcool.cn/community/01fcea5f3cdde2a80120a8217583b6.jpg@260w_195h_1c_1e_1o_100sh.jpg,插画-商业插画,9445,7,233
X老师会拍照,https://img.zcool.cn/community/03169045e09acffa80120a895435ea4.jpg@80w_80h_1c_1e_1o_100sh.jpg,三星 Galaxy Z Flip 5G （附布光图）,https://img.zcool.cn/community/019f275f3dd262a801215aa0e5bcd3.jpg@260w_195h_1c_1e_1o_100sh.jpg,摄影-产品,8786,20,212
七维视觉,https://img.zcool.cn/community/01ffb05f3e11d0a801215aa000f8f0.jpg@80w_80h_1c_1e_1o_100sh.jpg,曼逸运动新视觉X七维视觉,https://img.zcool.cn/community/01c88a5f3cfdaaa801215aa0eb028d.jpg@260w_195h_1c_1e_1o_100sh.jpg,网页-电商,5250,28,281
将军他爸,https://static.zcool.cn/git_z/z/images/boy.png,漫画：自己的婚姻 自己烩,https://img.zcool.cn/community/019f955f3c0abfa801215aa0106798.jpg@260w_195h_1c_1e_1o_100sh.jpg,动漫-中/长篇漫画,8696,55,511
酸梅干超人,https://img.zcool.cn/community/01b1015f1ef7bfa801215aa0ad2516.jpg@80w_80h_1c_1e_1o_100sh.jpg,10年经验总结的高效 UI 配色策略,https://img.zcool.cn/community/01ca2a5f3ce88ea801215aa0941795.jpg@260w_195h_1c_1e_1o_100sh.jpg,文章-教程-UI,9264,48,960
尚巍,https://img.zcool.cn/community/011af55e734520a80120a89505eccb.jpg@80w_80h_1c_1e_1o_100sh.jpg,尚巍手书,https://img.zcool.cn/community/0118a75f3cec9ca80120a82160b403.jpg@260w_195h_1c_1e_1o_100sh.jpg,平面-字体/字形,8588,37,166
胡晓波设计,https://img.zcool.cn/community/048702577b89fe0000012e7e85d4e5.jpg@80w_80h_1c_1e_1o_100sh.jpg,悠然民宿品牌设计,https://img.zcool.cn/community/01519b5f3ce9efa801215aa0cf6962.jpg@260w_195h_1c_1e_1o_100sh.jpg,平面-品牌,5.1w,90,1216
G5M6_AveLeung,https://img.zcool.cn/community/01ced65e83fdd7a801216518a35cfb.jpg@80w_80h_1c_1e_1o_100sh.jpg,2020青春芒果夜IP视觉设计,https://img.zcool.cn/community/0177af5f3ce368a801215aa076cfc0.jpg@260w_195h_1c_1e_1o_100sh.jpg,平面-吉祥物,1.6w,30,294
OCTOPUSCHIEN,https://img.zcool.cn/community/01e9655dedfedfa80120956831d96d.jpg@80w_80h_1c_1e_1o_100sh.jpg,HERU丨黑鹿,https://img.zcool.cn/community/011e0d5f3c8978a801215aa0d5f5b8.jpg@260w_195h_1c_1e_1o_100sh.jpg,平面-包装,9391,11,165
Fish慧,https://img.zcool.cn/community/04bb525974c50ca8010da6e4813509.jpg@80w_80h_1c_1e_1o_100sh.jpg,2019年游戏页面总结,https://img.zcool.cn/community/01f39b5f3cd643a801215aa04a3300.jpg@260w_195h_1c_1e_1o_100sh.jpg,网页-游戏/娱乐,9194,50,472
腰果虾仁,https://img.zcool.cn/community/004cd35950bfc8a8012193a37f8fbc.jpg@80w_80h_1c_1e_1o_100sh.jpg,去年夏天的某天,https://img.zcool.cn/community/01ab955f3ccc5ca801215aa0ba9516.jpg@260w_195h_1c_1e_1o_100sh.jpg,摄影-人像,8305,70,437
之南Karen,https://img.zcool.cn/community/00132a5b10f78ca801212d573dcf0b.jpg@80w_80h_1c_1e_1o_100sh.jpg,卢靖姗CelinaJade 《VWmagazine》,https://img.zcool.cn/community/0106325f3ba465a801215aa09129f3.jpg@260w_195h_1c_1e_1o_100sh.jpg,摄影-时尚,6780,19,160
陈绽,https://img.zcool.cn/community/002b175ae7b5e7a801219b7f40d1a3.jpg@80w_80h_1c_1e_1o_100sh.jpg,绽影像之《伐冰》,https://img.zcool.cn/community/01acc45f3bb84ea801215aa099a402.jpg@260w_195h_1c_1e_1o_100sh.jpg,摄影-静物,1.1w,36,737
兔纸鱼,https://img.zcool.cn/community/010a915e66120ca80120a89531e8cc.jpg@80w_80h_1c_1e_1o_100sh.jpg,🌈彩虹镇的小公主——小雾霾,https://img.zcool.cn/community/01e2ad5f3b8021a801215aa01e8ff8.jpg@260w_195h_1c_1e_1o_100sh.jpg,手工艺-手办/模玩,2.1w,86,381
一只YIZ,https://img.zcool.cn/community/0101925bac8603a8012099c8efb502.jpg@80w_80h_1c_1e_1o_100sh.jpg,王者荣耀三分夏日篇,https://img.zcool.cn/community/01cfee5f3b8ca6a80120a821c84c4a.jpg@260w_195h_1c_1e_1o_100sh.jpg,三维-动画/影视,1.4w,58,682
UoUstudio,https://img.zcool.cn/community/01767b5c0943dca80121ab5dafdb87.jpg@80w_80h_1c_1e_1o_100sh.jpg,REALME C15,https://img.zcool.cn/community/016d385f3b912ca801215aa0a4b217.jpg@260w_195h_1c_1e_1o_100sh.jpg,三维-产品,1.2w,35,535
核玩coreplay,https://img.zcool.cn/community/03113855bfb7a2aa801209252fd1b8e.jpg@80w_80h_1c_1e_1o_100sh.jpg,核玩coreplay 中国文化原创作品《熊猫门神》,https://img.zcool.cn/community/031aded5f3b8930a801215aa024a527.jpg@260w_195h_1c_1e_1o_100sh.jpg,工业/产品-玩具,1.7w,29,262
发海,https://img.zcool.cn/community/04319b57e0c16d0000012e7e7d7ac3.jpg@80w_80h_1c_1e_1o_100sh.jpg,Redmi,https://img.zcool.cn/community/014b8b5f3b5d0fa80120a8215d614f.jpg@260w_195h_1c_1e_1o_100sh.jpg,三维-产品,1.5w,48,551
Blackstation影像,https://img.zcool.cn/community/01dc305c4023d3a801213f26ac8092.jpg@80w_80h_1c_1e_1o_100sh.jpg,像素迪拜 快闪版,https://img.zcool.cn/community/01ef645f3b3bffa80120a821a8c721.jpg@260w_195h_1c_1e_1o_100sh.jpg,影视-短片,1.7w,37,337
雪鱼,https://img.zcool.cn/community/001ec95a30f0bca80120ba38915fe5.jpg@80w_80h_1c_1e_1o_100sh.jpg,浮生之尘,https://img.zcool.cn/community/018f515f3b70b6a80120a82115cfbe.jpg@260w_195h_1c_1e_1o_100sh.jpg,插画-商业插画,1.4w,50,672
李2wing,https://img.zcool.cn/community/0186b15d602dcda8012187f43f9a3f.jpg@80w_80h_1c_1e_1o_100sh.jpg,插画合集,https://img.zcool.cn/community/01fe405f3b5940a801215aa09f1de8.jpg@260w_195h_1c_1e_1o_100sh.jpg,插画-其他插画,9905,57,606
书亦飞,https://img.zcool.cn/community/01374f5e4ff8d2a801216518a772a1.jpg@80w_80h_1c_1e_1o_100sh.jpg,书亦飞古风插画——于正作品《玉楼春》宣传海报,https://img.zcool.cn/community/010dcc5f3b54eea80120a821c003c9.jpg@260w_195h_1c_1e_1o_100sh.jpg,插画-商业插画,1.4w,61,665
STARTALK星话,https://img.zcool.cn/community/012b4b5e7dcdc7a80120a8958cd2d5.jpg@80w_80h_1c_1e_1o_100sh.jpg,【打开新视界，享受多彩生活】蔡司包装设计,https://img.zcool.cn/community/0155075f3a9950a80120a8211ebc84.jpg@260w_195h_1c_1e_1o_100sh.jpg,平面-包装,1.5w,63,795
bigballgao,https://img.zcool.cn/community/0464bf554909eb0000019ae90f2d48.jpg@80w_80h_1c_1e_1o_100sh.jpg,【绿衣女】,https://img.zcool.cn/community/01926b5f3b32f2a801215aa029cead.jpg@260w_195h_1c_1e_1o_100sh.jpg,影视-设定/分镜,1.3w,80,778
路遥Suvan,https://img.zcool.cn/community/004bee59269709b5b3086ed469b5a8.jpg@80w_80h_1c_1e_1o_100sh.jpg,最美西部之在路上宣言,https://img.zcool.cn/community/0129175f2fd1fba801215aa07241a6.jpg@260w_195h_1c_1e_1o_100sh.jpg,摄影-风光,9797,39,778
尽头,https://img.zcool.cn/community/01c51a5bc93e4fa8012099c8267937.jpg@80w_80h_1c_1e_1o_100sh.jpg,Redmi 10X系列＆K30至尊纪念版,https://img.zcool.cn/community/01c0215f3a8c53a801215aa081be2b.jpg@260w_195h_1c_1e_1o_100sh.jpg,网页-其他网页,1.1w,84,552
容品牌,https://img.zcool.cn/community/0113a75c21cfffa8012029ac6d64fd.jpg@80w_80h_1c_1e_1o_100sh.jpg,如何用文化 IP 重塑东方滋补文化？,https://img.zcool.cn/community/0160fa5f3a42d9a80120a821fc0586.jpg@260w_195h_1c_1e_1o_100sh.jpg,平面-包装,3.6w,58,612
超级何某某,https://img.zcool.cn/community/031dce05e6875e8a80120a8956d41e1.jpg@80w_80h_1c_1e_1o_100sh.jpg,keep u style姿态【动物摄影师何某某个人作品27】,https://img.zcool.cn/community/01cf375f3abfc9a80120a8219c93c4.jpg@260w_195h_1c_1e_1o_100sh.jpg,摄影-动物,3.2w,114,714
王丹青爱手创,https://img.zcool.cn/community/01bc035bf3b3fba80120925286c4af.jpg@80w_80h_1c_1e_1o_100sh.jpg,水族人民智慧结晶,https://img.zcool.cn/community/0181445f3b34a0a80120a821cd10ad.jpg@260w_195h_1c_1e_1o_100sh.jpg,手工艺-其他手工,8652,22,220
thomas看看世界,https://img.zcool.cn/community/0099c2593e2c1fa8012193a3098ef4.jpg@80w_80h_1c_1e_1o_100sh.jpg,手机摄影 - 内蒙青海,https://img.zcool.cn/community/0140045f3a78f3a80120a8218a3a38.jpg@260w_195h_1c_1e_1o_100sh.jpg,摄影-手机,1.3w,44,430
七七小菇凉,https://img.zcool.cn/community/0443be554740c90000019ae9529397.jpg@80w_80h_1c_1e_1o_100sh.jpg,平实不平庸-浅谈大师焦段50mm镜头,https://img.zcool.cn/community/01e8ba5f3ab614a80120a821abd249.jpg@260w_195h_1c_1e_1o_100sh.jpg,文章-教程-摄影,9476,37,209
站酷高高手,无,零基础也能拍高质量短片,https://img.zcool.cn/community/01d2c55f3dd7fba801215aa05e15ef.jpg,学习视频,无,无,无
treedom0,https://img.zcool.cn/community/0434ba553fb2ee0000014027ff8479.jpg@80w_80h_1c_1e_1o_100sh.jpg,青木2018/2019年度作品总结,https://img.zcool.cn/community/01f8595f3d100aa80120a821e21aa4.jpg@260w_195h_1c_1e_1o_100sh.jpg,其他-其他,1805,12,80
糖王周毅团队,https://img.zcool.cn/community/01792a5e10093ea80120a89583454d.jpg@80w_80h_1c_1e_1o_100sh.jpg,糖王团队2019英国国际蛋糕展金奖翻糖人偶作品<青白蛇>,https://img.zcool.cn/community/01079e5f3ddbcaa80120a8213773d7.jpg@260w_195h_1c_1e_1o_100sh.jpg,手工艺-手办/原型,1392,10,125
饭太稀Fan,https://img.zcool.cn/community/042ae95976d12ca8012193a3edc9e2.jpg@80w_80h_1c_1e_1o_100sh.jpg,花落,https://img.zcool.cn/community/01c90d5f3dc6e2a801215aa0cbcca0.jpg@260w_195h_1c_1e_1o_100sh.jpg,插画-商业插画,2558,15,323
宁大侠,https://img.zcool.cn/community/04b10756a2d6d40000017d89c44083.jpg@80w_80h_1c_1e_1o_100sh.jpg,日常-起了个大早篇,https://img.zcool.cn/community/01c60e5f3d10c8a801215aa0ff096c.jpg@260w_195h_1c_1e_1o_100sh.jpg,插画-插画习作,1234,7,59
站酷海洛,无,处暑节气原创插画,https://img.zcool.cn/community/01681e5f3dde3ca801215aa04a0cfe.jpg,精选图集,无,无,无
palwo,https://img.zcool.cn/community/043fcb582d7463a84a0d304f53b71c.jpg@80w_80h_1c_1e_1o_100sh.jpg,英雄联盟绽灵节游戏专题,https://img.zcool.cn/community/01cbf45f3e004aa80120a821cf7741.jpg@260w_195h_1c_1e_1o_100sh.jpg,网页-游戏/娱乐,3143,16,171
SEENVISION,https://img.zcool.cn/community/015d665c7f4593a80120af9adca359.jpg@80w_80h_1c_1e_1o_100sh.jpg,OPPO Reno4 Pro 艺术家限定版 KV_by seenvision ,https://img.zcool.cn/community/011e175f3e13eaa80120a8211aa73c.jpg@260w_195h_1c_1e_1o_100sh.jpg,平面-海报,6527,30,455
莲羊,https://img.zcool.cn/community/03109315efc7ea8a801215aa0bccb0a.jpg@80w_80h_1c_1e_1o_100sh.jpg,【岩彩】你的七夕大礼包《微光·月老》,https://img.zcool.cn/community/013ecd5f3cec89a801215aa085006a.jpg@260w_195h_1c_1e_1o_100sh.jpg,纯艺术-其他艺创,6625,14,183
奇舫社,https://img.zcool.cn/community/01daa85e5ddfcaa80120a895b85579.jpg@80w_80h_1c_1e_1o_100sh.jpg,尤妮佳 x 故宫,https://img.zcool.cn/community/01fcea5f3cdde2a80120a8217583b6.jpg@260w_195h_1c_1e_1o_100sh.jpg,插画-商业插画,9445,7,233
X老师会拍照,https://img.zcool.cn/community/03169045e09acffa80120a895435ea4.jpg@80w_80h_1c_1e_1o_100sh.jpg,三星 Galaxy Z Flip 5G （附布光图）,https://img.zcool.cn/community/019f275f3dd262a801215aa0e5bcd3.jpg@260w_195h_1c_1e_1o_100sh.jpg,摄影-产品,8786,20,212
七维视觉,https://img.zcool.cn/community/01ffb05f3e11d0a801215aa000f8f0.jpg@80w_80h_1c_1e_1o_100sh.jpg,曼逸运动新视觉X七维视觉,https://img.zcool.cn/community/01c88a5f3cfdaaa801215aa0eb028d.jpg@260w_195h_1c_1e_1o_100sh.jpg,网页-电商,5250,28,281
将军他爸,https://static.zcool.cn/git_z/z/images/boy.png,漫画：自己的婚姻 自己烩,https://img.zcool.cn/community/019f955f3c0abfa801215aa0106798.jpg@260w_195h_1c_1e_1o_100sh.jpg,动漫-中/长篇漫画,8696,55,511
酸梅干超人,https://img.zcool.cn/community/01b1015f1ef7bfa801215aa0ad2516.jpg@80w_80h_1c_1e_1o_100sh.jpg,10年经验总结的高效 UI 配色策略,https://img.zcool.cn/community/01ca2a5f3ce88ea801215aa0941795.jpg@260w_195h_1c_1e_1o_100sh.jpg,文章-教程-UI,9264,48,960
尚巍,https://img.zcool.cn/community/011af55e734520a80120a89505eccb.jpg@80w_80h_1c_1e_1o_100sh.jpg,尚巍手书,https://img.zcool.cn/community/0118a75f3cec9ca80120a82160b403.jpg@260w_195h_1c_1e_1o_100sh.jpg,平面-字体/字形,8588,37,166
胡晓波设计,https://img.zcool.cn/community/048702577b89fe0000012e7e85d4e5.jpg@80w_80h_1c_1e_1o_100sh.jpg,悠然民宿品牌设计,https://img.zcool.cn/community/01519b5f3ce9efa801215aa0cf6962.jpg@260w_195h_1c_1e_1o_100sh.jpg,平面-品牌,5.1w,90,1216
G5M6_AveLeung,https://img.zcool.cn/community/01ced65e83fdd7a801216518a35cfb.jpg@80w_80h_1c_1e_1o_100sh.jpg,2020青春芒果夜IP视觉设计,https://img.zcool.cn/community/0177af5f3ce368a801215aa076cfc0.jpg@260w_195h_1c_1e_1o_100sh.jpg,平面-吉祥物,1.6w,30,294
OCTOPUSCHIEN,https://img.zcool.cn/community/01e9655dedfedfa80120956831d96d.jpg@80w_80h_1c_1e_1o_100sh.jpg,HERU丨黑鹿,https://img.zcool.cn/community/011e0d5f3c8978a801215aa0d5f5b8.jpg@260w_195h_1c_1e_1o_100sh.jpg,平面-包装,9391,11,165
Fish慧,https://img.zcool.cn/community/04bb525974c50ca8010da6e4813509.jpg@80w_80h_1c_1e_1o_100sh.jpg,2019年游戏页面总结,https://img.zcool.cn/community/01f39b5f3cd643a801215aa04a3300.jpg@260w_195h_1c_1e_1o_100sh.jpg,网页-游戏/娱乐,9194,50,472
腰果虾仁,https://img.zcool.cn/community/004cd35950bfc8a8012193a37f8fbc.jpg@80w_80h_1c_1e_1o_100sh.jpg,去年夏天的某天,https://img.zcool.cn/community/01ab955f3ccc5ca801215aa0ba9516.jpg@260w_195h_1c_1e_1o_100sh.jpg,摄影-人像,8305,70,437
之南Karen,https://img.zcool.cn/community/00132a5b10f78ca801212d573dcf0b.jpg@80w_80h_1c_1e_1o_100sh.jpg,卢靖姗CelinaJade 《VWmagazine》,https://img.zcool.cn/community/0106325f3ba465a801215aa09129f3.jpg@260w_195h_1c_1e_1o_100sh.jpg,摄影-时尚,6780,19,160
陈绽,https://img.zcool.cn/community/002b175ae7b5e7a801219b7f40d1a3.jpg@80w_80h_1c_1e_1o_100sh.jpg,绽影像之《伐冰》,https://img.zcool.cn/community/01acc45f3bb84ea801215aa099a402.jpg@260w_195h_1c_1e_1o_100sh.jpg,摄影-静物,1.1w,36,737
兔纸鱼,https://img.zcool.cn/community/010a915e66120ca80120a89531e8cc.jpg@80w_80h_1c_1e_1o_100sh.jpg,🌈彩虹镇的小公主——小雾霾,https://img.zcool.cn/community/01e2ad5f3b8021a801215aa01e8ff8.jpg@260w_195h_1c_1e_1o_100sh.jpg,手工艺-手办/模玩,2.1w,86,381
一只YIZ,https://img.zcool.cn/community/0101925bac8603a8012099c8efb502.jpg@80w_80h_1c_1e_1o_100sh.jpg,王者荣耀三分夏日篇,https://img.zcool.cn/community/01cfee5f3b8ca6a80120a821c84c4a.jpg@260w_195h_1c_1e_1o_100sh.jpg,三维-动画/影视,1.4w,58,682
UoUstudio,https://img.zcool.cn/community/01767b5c0943dca80121ab5dafdb87.jpg@80w_80h_1c_1e_1o_100sh.jpg,REALME C15,https://img.zcool.cn/community/016d385f3b912ca801215aa0a4b217.jpg@260w_195h_1c_1e_1o_100sh.jpg,三维-产品,1.2w,35,535
核玩coreplay,https://img.zcool.cn/community/03113855bfb7a2aa801209252fd1b8e.jpg@80w_80h_1c_1e_1o_100sh.jpg,核玩coreplay 中国文化原创作品《熊猫门神》,https://img.zcool.cn/community/031aded5f3b8930a801215aa024a527.jpg@260w_195h_1c_1e_1o_100sh.jpg,工业/产品-玩具,1.7w,29,262
发海,https://img.zcool.cn/community/04319b57e0c16d0000012e7e7d7ac3.jpg@80w_80h_1c_1e_1o_100sh.jpg,Redmi,https://img.zcool.cn/community/014b8b5f3b5d0fa80120a8215d614f.jpg@260w_195h_1c_1e_1o_100sh.jpg,三维-产品,1.5w,48,551
Blackstation影像,https://img.zcool.cn/community/01dc305c4023d3a801213f26ac8092.jpg@80w_80h_1c_1e_1o_100sh.jpg,像素迪拜 快闪版,https://img.zcool.cn/community/01ef645f3b3bffa80120a821a8c721.jpg@260w_195h_1c_1e_1o_100sh.jpg,影视-短片,1.7w,37,337
雪鱼,https://img.zcool.cn/community/001ec95a30f0bca80120ba38915fe5.jpg@80w_80h_1c_1e_1o_100sh.jpg,浮生之尘,https://img.zcool.cn/community/018f515f3b70b6a80120a82115cfbe.jpg@260w_195h_1c_1e_1o_100sh.jpg,插画-商业插画,1.4w,50,672
李2wing,https://img.zcool.cn/community/0186b15d602dcda8012187f43f9a3f.jpg@80w_80h_1c_1e_1o_100sh.jpg,插画合集,https://img.zcool.cn/community/01fe405f3b5940a801215aa09f1de8.jpg@260w_195h_1c_1e_1o_100sh.jpg,插画-其他插画,9905,57,606
书亦飞,https://img.zcool.cn/community/01374f5e4ff8d2a801216518a772a1.jpg@80w_80h_1c_1e_1o_100sh.jpg,书亦飞古风插画——于正作品《玉楼春》宣传海报,https://img.zcool.cn/community/010dcc5f3b54eea80120a821c003c9.jpg@260w_195h_1c_1e_1o_100sh.jpg,插画-商业插画,1.4w,61,665
STARTALK星话,https://img.zcool.cn/community/012b4b5e7dcdc7a80120a8958cd2d5.jpg@80w_80h_1c_1e_1o_100sh.jpg,【打开新视界，享受多彩生活】蔡司包装设计,https://img.zcool.cn/community/0155075f3a9950a80120a8211ebc84.jpg@260w_195h_1c_1e_1o_100sh.jpg,平面-包装,1.5w,63,795
bigballgao,https://img.zcool.cn/community/0464bf554909eb0000019ae90f2d48.jpg@80w_80h_1c_1e_1o_100sh.jpg,【绿衣女】,https://img.zcool.cn/community/01926b5f3b32f2a801215aa029cead.jpg@260w_195h_1c_1e_1o_100sh.jpg,影视-设定/分镜,1.3w,80,778
路遥Suvan,https://img.zcool.cn/community/004bee59269709b5b3086ed469b5a8.jpg@80w_80h_1c_1e_1o_100sh.jpg,最美西部之在路上宣言,https://img.zcool.cn/community/0129175f2fd1fba801215aa07241a6.jpg@260w_195h_1c_1e_1o_100sh.jpg,摄影-风光,9797,39,778
尽头,https://img.zcool.cn/community/01c51a5bc93e4fa8012099c8267937.jpg@80w_80h_1c_1e_1o_100sh.jpg,Redmi 10X系列＆K30至尊纪念版,https://img.zcool.cn/community/01c0215f3a8c53a801215aa081be2b.jpg@260w_195h_1c_1e_1o_100sh.jpg,网页-其他网页,1.1w,84,552
容品牌,https://img.zcool.cn/community/0113a75c21cfffa8012029ac6d64fd.jpg@80w_80h_1c_1e_1o_100sh.jpg,如何用文化 IP 重塑东方滋补文化？,https://img.zcool.cn/community/0160fa5f3a42d9a80120a821fc0586.jpg@260w_195h_1c_1e_1o_100sh.jpg,平面-包装,3.6w,58,612
超级何某某,https://img.zcool.cn/community/031dce05e6875e8a80120a8956d41e1.jpg@80w_80h_1c_1e_1o_100sh.jpg,keep u style姿态【动物摄影师何某某个人作品27】,https://img.zcool.cn/community/01cf375f3abfc9a80120a8219c93c4.jpg@260w_195h_1c_1e_1o_100sh.jpg,摄影-动物,3.2w,114,714
王丹青爱手创,https://img.zcool.cn/community/01bc035bf3b3fba80120925286c4af.jpg@80w_80h_1c_1e_1o_100sh.jpg,水族人民智慧结晶,https://img.zcool.cn/community/0181445f3b34a0a80120a821cd10ad.jpg@260w_195h_1c_1e_1o_100sh.jpg,手工艺-其他手工,8652,22,220
thomas看看世界,https://img.zcool.cn/community/0099c2593e2c1fa8012193a3098ef4.jpg@80w_80h_1c_1e_1o_100sh.jpg,手机摄影 - 内蒙青海,https://img.zcool.cn/community/0140045f3a78f3a80120a8218a3a38.jpg@260w_195h_1c_1e_1o_100sh.jpg,摄影-手机,1.3w,44,430
七七小菇凉,https://img.zcool.cn/community/0443be554740c90000019ae9529397.jpg@80w_80h_1c_1e_1o_100sh.jpg,平实不平庸-浅谈大师焦段50mm镜头,https://img.zcool.cn/community/01e8ba5f3ab614a80120a821abd249.jpg@260w_195h_1c_1e_1o_100sh.jpg,文章-教程-摄影,9476,37,209
站酷高高手,无,零基础也能拍高质量短片,https://img.zcool.cn/community/01d2c55f3dd7fba801215aa05e15ef.jpg,学习视频,无,无,无
treedom0,https://img.zcool.cn/community/0434ba553fb2ee0000014027ff8479.jpg@80w_80h_1c_1e_1o_100sh.jpg,青木2018/2019年度作品总结,https://img.zcool.cn/community/01f8595f3d100aa80120a821e21aa4.jpg@260w_195h_1c_1e_1o_100sh.jpg,其他-其他,1805,12,80
糖王周毅团队,https://img.zcool.cn/community/01792a5e10093ea80120a89583454d.jpg@80w_80h_1c_1e_1o_100sh.jpg,糖王团队2019英国国际蛋糕展金奖翻糖人偶作品<青白蛇>,https://img.zcool.cn/community/01079e5f3ddbcaa80120a8213773d7.jpg@260w_195h_1c_1e_1o_100sh.jpg,手工艺-手办/原型,1392,10,125
饭太稀Fan,https://img.zcool.cn/community/042ae95976d12ca8012193a3edc9e2.jpg@80w_80h_1c_1e_1o_100sh.jpg,花落,https://img.zcool.cn/community/01c90d5f3dc6e2a801215aa0cbcca0.jpg@260w_195h_1c_1e_1o_100sh.jpg,插画-商业插画,2558,15,323
宁大侠,https://img.zcool.cn/community/04b10756a2d6d40000017d89c44083.jpg@80w_80h_1c_1e_1o_100sh.jpg,日常-起了个大早篇,https://img.zcool.cn/community/01c60e5f3d10c8a801215aa0ff096c.jpg@260w_195h_1c_1e_1o_100sh.jpg,插画-插画习作,1234,7,59
站酷海洛,无,处暑节气原创插画,https://img.zcool.cn/community/01681e5f3dde3ca801215aa04a0cfe.jpg,精选图集,无,无,无
palwo,https://img.zcool.cn/community/043fcb582d7463a84a0d304f53b71c.jpg@80w_80h_1c_1e_1o_100sh.jpg,英雄联盟绽灵节游戏专题,https://img.zcool.cn/community/01cbf45f3e004aa80120a821cf7741.jpg@260w_195h_1c_1e_1o_100sh.jpg,网页-游戏/娱乐,3143,16,171
SEENVISION,https://img.zcool.cn/community/015d665c7f4593a80120af9adca359.jpg@80w_80h_1c_1e_1o_100sh.jpg,OPPO Reno4 Pro 艺术家限定版 KV_by seenvision ,https://img.zcool.cn/community/011e175f3e13eaa80120a8211aa73c.jpg@260w_195h_1c_1e_1o_100sh.jpg,平面-海报,6527,30,455
莲羊,https://img.zcool.cn/community/03109315efc7ea8a801215aa0bccb0a.jpg@80w_80h_1c_1e_1o_100sh.jpg,【岩彩】你的七夕大礼包《微光·月老》,https://img.zcool.cn/community/013ecd5f3cec89a801215aa085006a.jpg@260w_195h_1c_1e_1o_100sh.jpg,纯艺术-其他艺创,6625,14,183
奇舫社,https://img.zcool.cn/community/01daa85e5ddfcaa80120a895b85579.jpg@80w_80h_1c_1e_1o_100sh.jpg,尤妮佳 x 故宫,https://img.zcool.cn/community/01fcea5f3cdde2a80120a8217583b6.jpg@260w_195h_1c_1e_1o_100sh.jpg,插画-商业插画,9445,7,233
X老师会拍照,https://img.zcool.cn/community/03169045e09acffa80120a895435ea4.jpg@80w_80h_1c_1e_1o_100sh.jpg,三星 Galaxy Z Flip 5G （附布光图）,https://img.zcool.cn/community/019f275f3dd262a801215aa0e5bcd3.jpg@260w_195h_1c_1e_1o_100sh.jpg,摄影-产品,8786,20,212
七维视觉,https://img.zcool.cn/community/01ffb05f3e11d0a801215aa000f8f0.jpg@80w_80h_1c_1e_1o_100sh.jpg,曼逸运动新视觉X七维视觉,https://img.zcool.cn/community/01c88a5f3cfdaaa801215aa0eb028d.jpg@260w_195h_1c_1e_1o_100sh.jpg,网页-电商,5250,28,281
将军他爸,https://static.zcool.cn/git_z/z/images/boy.png,漫画：自己的婚姻 自己烩,https://img.zcool.cn/community/019f955f3c0abfa801215aa0106798.jpg@260w_195h_1c_1e_1o_100sh.jpg,动漫-中/长篇漫画,8696,55,511
酸梅干超人,https://img.zcool.cn/community/01b1015f1ef7bfa801215aa0ad2516.jpg@80w_80h_1c_1e_1o_100sh.jpg,10年经验总结的高效 UI 配色策略,https://img.zcool.cn/community/01ca2a5f3ce88ea801215aa0941795.jpg@260w_195h_1c_1e_1o_100sh.jpg,文章-教程-UI,9264,48,960
尚巍,https://img.zcool.cn/community/011af55e734520a80120a89505eccb.jpg@80w_80h_1c_1e_1o_100sh.jpg,尚巍手书,https://img.zcool.cn/community/0118a75f3cec9ca80120a82160b403.jpg@260w_195h_1c_1e_1o_100sh.jpg,平面-字体/字形,8588,37,166
胡晓波设计,https://img.zcool.cn/community/048702577b89fe0000012e7e85d4e5.jpg@80w_80h_1c_1e_1o_100sh.jpg,悠然民宿品牌设计,https://img.zcool.cn/community/01519b5f3ce9efa801215aa0cf6962.jpg@260w_195h_1c_1e_1o_100sh.jpg,平面-品牌,5.1w,90,1216
G5M6_AveLeung,https://img.zcool.cn/community/01ced65e83fdd7a801216518a35cfb.jpg@80w_80h_1c_1e_1o_100sh.jpg,2020青春芒果夜IP视觉设计,https://img.zcool.cn/community/0177af5f3ce368a801215aa076cfc0.jpg@260w_195h_1c_1e_1o_100sh.jpg,平面-吉祥物,1.6w,30,294
OCTOPUSCHIEN,https://img.zcool.cn/community/01e9655dedfedfa80120956831d96d.jpg@80w_80h_1c_1e_1o_100sh.jpg,HERU丨黑鹿,https://img.zcool.cn/community/011e0d5f3c8978a801215aa0d5f5b8.jpg@260w_195h_1c_1e_1o_100sh.jpg,平面-包装,9391,11,165
Fish慧,https://img.zcool.cn/community/04bb525974c50ca8010da6e4813509.jpg@80w_80h_1c_1e_1o_100sh.jpg,2019年游戏页面总结,https://img.zcool.cn/community/01f39b5f3cd643a801215aa04a3300.jpg@260w_195h_1c_1e_1o_100sh.jpg,网页-游戏/娱乐,9194,50,472
腰果虾仁,https://img.zcool.cn/community/004cd35950bfc8a8012193a37f8fbc.jpg@80w_80h_1c_1e_1o_100sh.jpg,去年夏天的某天,https://img.zcool.cn/community/01ab955f3ccc5ca801215aa0ba9516.jpg@260w_195h_1c_1e_1o_100sh.jpg,摄影-人像,8305,70,437
之南Karen,https://img.zcool.cn/community/00132a5b10f78ca801212d573dcf0b.jpg@80w_80h_1c_1e_1o_100sh.jpg,卢靖姗CelinaJade 《VWmagazine》,https://img.zcool.cn/community/0106325f3ba465a801215aa09129f3.jpg@260w_195h_1c_1e_1o_100sh.jpg,摄影-时尚,6780,19,160
陈绽,https://img.zcool.cn/community/002b175ae7b5e7a801219b7f40d1a3.jpg@80w_80h_1c_1e_1o_100sh.jpg,绽影像之《伐冰》,https://img.zcool.cn/community/01acc45f3bb84ea801215aa099a402.jpg@260w_195h_1c_1e_1o_100sh.jpg,摄影-静物,1.1w,36,737
兔纸鱼,https://img.zcool.cn/community/010a915e66120ca80120a89531e8cc.jpg@80w_80h_1c_1e_1o_100sh.jpg,🌈彩虹镇的小公主——小雾霾,https://img.zcool.cn/community/01e2ad5f3b8021a801215aa01e8ff8.jpg@260w_195h_1c_1e_1o_100sh.jpg,手工艺-手办/模玩,2.1w,86,381
一只YIZ,https://img.zcool.cn/community/0101925bac8603a8012099c8efb502.jpg@80w_80h_1c_1e_1o_100sh.jpg,王者荣耀三分夏日篇,https://img.zcool.cn/community/01cfee5f3b8ca6a80120a821c84c4a.jpg@260w_195h_1c_1e_1o_100sh.jpg,三维-动画/影视,1.4w,58,682
UoUstudio,https://img.zcool.cn/community/01767b5c0943dca80121ab5dafdb87.jpg@80w_80h_1c_1e_1o_100sh.jpg,REALME C15,https://img.zcool.cn/community/016d385f3b912ca801215aa0a4b217.jpg@260w_195h_1c_1e_1o_100sh.jpg,三维-产品,1.2w,35,535
核玩coreplay,https://img.zcool.cn/community/03113855bfb7a2aa801209252fd1b8e.jpg@80w_80h_1c_1e_1o_100sh.jpg,核玩coreplay 中国文化原创作品《熊猫门神》,https://img.zcool.cn/community/031aded5f3b8930a801215aa024a527.jpg@260w_195h_1c_1e_1o_100sh.jpg,工业/产品-玩具,1.7w,29,262
发海,https://img.zcool.cn/community/04319b57e0c16d0000012e7e7d7ac3.jpg@80w_80h_1c_1e_1o_100sh.jpg,Redmi,https://img.zcool.cn/community/014b8b5f3b5d0fa80120a8215d614f.jpg@260w_195h_1c_1e_1o_100sh.jpg,三维-产品,1.5w,48,551
Blackstation影像,https://img.zcool.cn/community/01dc305c4023d3a801213f26ac8092.jpg@80w_80h_1c_1e_1o_100sh.jpg,像素迪拜 快闪版,https://img.zcool.cn/community/01ef645f3b3bffa80120a821a8c721.jpg@260w_195h_1c_1e_1o_100sh.jpg,影视-短片,1.7w,37,337
雪鱼,https://img.zcool.cn/community/001ec95a30f0bca80120ba38915fe5.jpg@80w_80h_1c_1e_1o_100sh.jpg,浮生之尘,https://img.zcool.cn/community/018f515f3b70b6a80120a82115cfbe.jpg@260w_195h_1c_1e_1o_100sh.jpg,插画-商业插画,1.4w,50,672
李2wing,https://img.zcool.cn/community/0186b15d602dcda8012187f43f9a3f.jpg@80w_80h_1c_1e_1o_100sh.jpg,插画合集,https://img.zcool.cn/community/01fe405f3b5940a801215aa09f1de8.jpg@260w_195h_1c_1e_1o_100sh.jpg,插画-其他插画,9905,57,606
书亦飞,https://img.zcool.cn/community/01374f5e4ff8d2a801216518a772a1.jpg@80w_80h_1c_1e_1o_100sh.jpg,书亦飞古风插画——于正作品《玉楼春》宣传海报,https://img.zcool.cn/community/010dcc5f3b54eea80120a821c003c9.jpg@260w_195h_1c_1e_1o_100sh.jpg,插画-商业插画,1.4w,61,665
STARTALK星话,https://img.zcool.cn/community/012b4b5e7dcdc7a80120a8958cd2d5.jpg@80w_80h_1c_1e_1o_100sh.jpg,【打开新视界，享受多彩生活】蔡司包装设计,https://img.zcool.cn/community/0155075f3a9950a80120a8211ebc84.jpg@260w_195h_1c_1e_1o_100sh.jpg,平面-包装,1.5w,63,795
bigballgao,https://img.zcool.cn/community/0464bf554909eb0000019ae90f2d48.jpg@80w_80h_1c_1e_1o_100sh.jpg,【绿衣女】,https://img.zcool.cn/community/01926b5f3b32f2a801215aa029cead.jpg@260w_195h_1c_1e_1o_100sh.jpg,影视-设定/分镜,1.3w,80,778
路遥Suvan,https://img.zcool.cn/community/004bee59269709b5b3086ed469b5a8.jpg@80w_80h_1c_1e_1o_100sh.jpg,最美西部之在路上宣言,https://img.zcool.cn/community/0129175f2fd1fba801215aa07241a6.jpg@260w_195h_1c_1e_1o_100sh.jpg,摄影-风光,9797,39,778
尽头,https://img.zcool.cn/community/01c51a5bc93e4fa8012099c8267937.jpg@80w_80h_1c_1e_1o_100sh.jpg,Redmi 10X系列＆K30至尊纪念版,https://img.zcool.cn/community/01c0215f3a8c53a801215aa081be2b.jpg@260w_195h_1c_1e_1o_100sh.jpg,网页-其他网页,1.1w,84,552
容品牌,https://img.zcool.cn/community/0113a75c21cfffa8012029ac6d64fd.jpg@80w_80h_1c_1e_1o_100sh.jpg,如何用文化 IP 重塑东方滋补文化？,https://img.zcool.cn/community/0160fa5f3a42d9a80120a821fc0586.jpg@260w_195h_1c_1e_1o_100sh.jpg,平面-包装,3.6w,58,612
超级何某某,https://img.zcool.cn/community/031dce05e6875e8a80120a8956d41e1.jpg@80w_80h_1c_1e_1o_100sh.jpg,keep u style姿态【动物摄影师何某某个人作品27】,https://img.zcool.cn/community/01cf375f3abfc9a80120a8219c93c4.jpg@260w_195h_1c_1e_1o_100sh.jpg,摄影-动物,3.2w,114,714
王丹青爱手创,https://img.zcool.cn/community/01bc035bf3b3fba80120925286c4af.jpg@80w_80h_1c_1e_1o_100sh.jpg,水族人民智慧结晶,https://img.zcool.cn/community/0181445f3b34a0a80120a821cd10ad.jpg@260w_195h_1c_1e_1o_100sh.jpg,手工艺-其他手工,8652,22,220
thomas看看世界,https://img.zcool.cn/community/0099c2593e2c1fa8012193a3098ef4.jpg@80w_80h_1c_1e_1o_100sh.jpg,手机摄影 - 内蒙青海,https://img.zcool.cn/community/0140045f3a78f3a80120a8218a3a38.jpg@260w_195h_1c_1e_1o_100sh.jpg,摄影-手机,1.3w,44,430
七七小菇凉,https://img.zcool.cn/community/0443be554740c90000019ae9529397.jpg@80w_80h_1c_1e_1o_100sh.jpg,平实不平庸-浅谈大师焦段50mm镜头,https://img.zcool.cn/community/01e8ba5f3ab614a80120a821abd249.jpg@260w_195h_1c_1e_1o_100sh.jpg,文章-教程-摄影,9476,37,209
站酷高高手,无,零基础也能拍高质量短片,https://img.zcool.cn/community/01d2c55f3dd7fba801215aa05e15ef.jpg,学习视频,无,无,无
treedom0,https://img.zcool.cn/community/0434ba553fb2ee0000014027ff8479.jpg@80w_80h_1c_1e_1o_100sh.jpg,青木2018/2019年度作品总结,https://img.zcool.cn/community/01f8595f3d100aa80120a821e21aa4.jpg@260w_195h_1c_1e_1o_100sh.jpg,其他-其他,1805,12,80
糖王周毅团队,https://img.zcool.cn/community/01792a5e10093ea80120a89583454d.jpg@80w_80h_1c_1e_1o_100sh.jpg,糖王团队2019英国国际蛋糕展金奖翻糖人偶作品<青白蛇>,https://img.zcool.cn/community/01079e5f3ddbcaa80120a8213773d7.jpg@260w_195h_1c_1e_1o_100sh.jpg,手工艺-手办/原型,1392,10,125
饭太稀Fan,https://img.zcool.cn/community/042ae95976d12ca8012193a3edc9e2.jpg@80w_80h_1c_1e_1o_100sh.jpg,花落,https://img.zcool.cn/community/01c90d5f3dc6e2a801215aa0cbcca0.jpg@260w_195h_1c_1e_1o_100sh.jpg,插画-商业插画,2558,15,323
宁大侠,https://img.zcool.cn/community/04b10756a2d6d40000017d89c44083.jpg@80w_80h_1c_1e_1o_100sh.jpg,日常-起了个大早篇,https://img.zcool.cn/community/01c60e5f3d10c8a801215aa0ff096c.jpg@260w_195h_1c_1e_1o_100sh.jpg,插画-插画习作,1234,7,59
站酷海洛,无,处暑节气原创插画,https://img.zcool.cn/community/01681e5f3dde3ca801215aa04a0cfe.jpg,精选图集,无,无,无
palwo,https://img.zcool.cn/community/043fcb582d7463a84a0d304f53b71c.jpg@80w_80h_1c_1e_1o_100sh.jpg,英雄联盟绽灵节游戏专题,https://img.zcool.cn/community/01cbf45f3e004aa80120a821cf7741.jpg@260w_195h_1c_1e_1o_100sh.jpg,网页-游戏/娱乐,3143,16,171
SEENVISION,https://img.zcool.cn/community/015d665c7f4593a80120af9adca359.jpg@80w_80h_1c_1e_1o_100sh.jpg,OPPO Reno4 Pro 艺术家限定版 KV_by seenvision ,https://img.zcool.cn/community/011e175f3e13eaa80120a8211aa73c.jpg@260w_195h_1c_1e_1o_100sh.jpg,平面-海报,6527,30,455
莲羊,https://img.zcool.cn/community/03109315efc7ea8a801215aa0bccb0a.jpg@80w_80h_1c_1e_1o_100sh.jpg,【岩彩】你的七夕大礼包《微光·月老》,https://img.zcool.cn/community/013ecd5f3cec89a801215aa085006a.jpg@260w_195h_1c_1e_1o_100sh.jpg,纯艺术-其他艺创,6625,14,183
奇舫社,https://img.zcool.cn/community/01daa85e5ddfcaa80120a895b85579.jpg@80w_80h_1c_1e_1o_100sh.jpg,尤妮佳 x 故宫,https://img.zcool.cn/community/01fcea5f3cdde2a80120a8217583b6.jpg@260w_195h_1c_1e_1o_100sh.jpg,插画-商业插画,9445,7,233
X老师会拍照,https://img.zcool.cn/community/03169045e09acffa80120a895435ea4.jpg@80w_80h_1c_1e_1o_100sh.jpg,三星 Galaxy Z Flip 5G （附布光图）,https://img.zcool.cn/community/019f275f3dd262a801215aa0e5bcd3.jpg@260w_195h_1c_1e_1o_100sh.jpg,摄影-产品,8786,20,212
七维视觉,https://img.zcool.cn/community/01ffb05f3e11d0a801215aa000f8f0.jpg@80w_80h_1c_1e_1o_100sh.jpg,曼逸运动新视觉X七维视觉,https://img.zcool.cn/community/01c88a5f3cfdaaa801215aa0eb028d.jpg@260w_195h_1c_1e_1o_100sh.jpg,网页-电商,5250,28,281
将军他爸,https://static.zcool.cn/git_z/z/images/boy.png,漫画：自己的婚姻 自己烩,https://img.zcool.cn/community/019f955f3c0abfa801215aa0106798.jpg@260w_195h_1c_1e_1o_100sh.jpg,动漫-中/长篇漫画,8696,55,511
酸梅干超人,https://img.zcool.cn/community/01b1015f1ef7bfa801215aa0ad2516.jpg@80w_80h_1c_1e_1o_100sh.jpg,10年经验总结的高效 UI 配色策略,https://img.zcool.cn/community/01ca2a5f3ce88ea801215aa0941795.jpg@260w_195h_1c_1e_1o_100sh.jpg,文章-教程-UI,9264,48,960
尚巍,https://img.zcool.cn/community/011af55e734520a80120a89505eccb.jpg@80w_80h_1c_1e_1o_100sh.jpg,尚巍手书,https://img.zcool.cn/community/0118a75f3cec9ca80120a82160b403.jpg@260w_195h_1c_1e_1o_100sh.jpg,平面-字体/字形,8588,37,166
胡晓波设计,https://img.zcool.cn/community/048702577b89fe0000012e7e85d4e5.jpg@80w_80h_1c_1e_1o_100sh.jpg,悠然民宿品牌设计,https://img.zcool.cn/community/01519b5f3ce9efa801215aa0cf6962.jpg@260w_195h_1c_1e_1o_100sh.jpg,平面-品牌,5.1w,90,1216
G5M6_AveLeung,https://img.zcool.cn/community/01ced65e83fdd7a801216518a35cfb.jpg@80w_80h_1c_1e_1o_100sh.jpg,2020青春芒果夜IP视觉设计,https://img.zcool.cn/community/0177af5f3ce368a801215aa076cfc0.jpg@260w_195h_1c_1e_1o_100sh.jpg,平面-吉祥物,1.6w,30,294
OCTOPUSCHIEN,https://img.zcool.cn/community/01e9655dedfedfa80120956831d96d.jpg@80w_80h_1c_1e_1o_100sh.jpg,HERU丨黑鹿,https://img.zcool.cn/community/011e0d5f3c8978a801215aa0d5f5b8.jpg@260w_195h_1c_1e_1o_100sh.jpg,平面-包装,9391,11,165
Fish慧,https://img.zcool.cn/community/04bb525974c50ca8010da6e4813509.jpg@80w_80h_1c_1e_1o_100sh.jpg,2019年游戏页面总结,https://img.zcool.cn/community/01f39b5f3cd643a801215aa04a3300.jpg@260w_195h_1c_1e_1o_100sh.jpg,网页-游戏/娱乐,9194,50,472
腰果虾仁,https://img.zcool.cn/community/004cd35950bfc8a8012193a37f8fbc.jpg@80w_80h_1c_1e_1o_100sh.jpg,去年夏天的某天,https://img.zcool.cn/community/01ab955f3ccc5ca801215aa0ba9516.jpg@260w_195h_1c_1e_1o_100sh.jpg,摄影-人像,8305,70,437
之南Karen,https://img.zcool.cn/community/00132a5b10f78ca801212d573dcf0b.jpg@80w_80h_1c_1e_1o_100sh.jpg,卢靖姗CelinaJade 《VWmagazine》,https://img.zcool.cn/community/0106325f3ba465a801215aa09129f3.jpg@260w_195h_1c_1e_1o_100sh.jpg,摄影-时尚,6780,19,160
陈绽,https://img.zcool.cn/community/002b175ae7b5e7a801219b7f40d1a3.jpg@80w_80h_1c_1e_1o_100sh.jpg,绽影像之《伐冰》,https://img.zcool.cn/community/01acc45f3bb84ea801215aa099a402.jpg@260w_195h_1c_1e_1o_100sh.jpg,摄影-静物,1.1w,36,737
兔纸鱼,https://img.zcool.cn/community/010a915e66120ca80120a89531e8cc.jpg@80w_80h_1c_1e_1o_100sh.jpg,🌈彩虹镇的小公主——小雾霾,https://img.zcool.cn/community/01e2ad5f3b8021a801215aa01e8ff8.jpg@260w_195h_1c_1e_1o_100sh.jpg,手工艺-手办/模玩,2.1w,86,381
一只YIZ,https://img.zcool.cn/community/0101925bac8603a8012099c8efb502.jpg@80w_80h_1c_1e_1o_100sh.jpg,王者荣耀三分夏日篇,https://img.zcool.cn/community/01cfee5f3b8ca6a80120a821c84c4a.jpg@260w_195h_1c_1e_1o_100sh.jpg,三维-动画/影视,1.4w,58,682
UoUstudio,https://img.zcool.cn/community/01767b5c0943dca80121ab5dafdb87.jpg@80w_80h_1c_1e_1o_100sh.jpg,REALME C15,https://img.zcool.cn/community/016d385f3b912ca801215aa0a4b217.jpg@260w_195h_1c_1e_1o_100sh.jpg,三维-产品,1.2w,35,535
核玩coreplay,https://img.zcool.cn/community/03113855bfb7a2aa801209252fd1b8e.jpg@80w_80h_1c_1e_1o_100sh.jpg,核玩coreplay 中国文化原创作品《熊猫门神》,https://img.zcool.cn/community/031aded5f3b8930a801215aa024a527.jpg@260w_195h_1c_1e_1o_100sh.jpg,工业/产品-玩具,1.7w,29,262
发海,https://img.zcool.cn/community/04319b57e0c16d0000012e7e7d7ac3.jpg@80w_80h_1c_1e_1o_100sh.jpg,Redmi,https://img.zcool.cn/community/014b8b5f3b5d0fa80120a8215d614f.jpg@260w_195h_1c_1e_1o_100sh.jpg,三维-产品,1.5w,48,551
Blackstation影像,https://img.zcool.cn/community/01dc305c4023d3a801213f26ac8092.jpg@80w_80h_1c_1e_1o_100sh.jpg,像素迪拜 快闪版,https://img.zcool.cn/community/01ef645f3b3bffa80120a821a8c721.jpg@260w_195h_1c_1e_1o_100sh.jpg,影视-短片,1.7w,37,337
雪鱼,https://img.zcool.cn/community/001ec95a30f0bca80120ba38915fe5.jpg@80w_80h_1c_1e_1o_100sh.jpg,浮生之尘,https://img.zcool.cn/community/018f515f3b70b6a80120a82115cfbe.jpg@260w_195h_1c_1e_1o_100sh.jpg,插画-商业插画,1.4w,50,672
李2wing,https://img.zcool.cn/community/0186b15d602dcda8012187f43f9a3f.jpg@80w_80h_1c_1e_1o_100sh.jpg,插画合集,https://img.zcool.cn/community/01fe405f3b5940a801215aa09f1de8.jpg@260w_195h_1c_1e_1o_100sh.jpg,插画-其他插画,9905,57,606
书亦飞,https://img.zcool.cn/community/01374f5e4ff8d2a801216518a772a1.jpg@80w_80h_1c_1e_1o_100sh.jpg,书亦飞古风插画——于正作品《玉楼春》宣传海报,https://img.zcool.cn/community/010dcc5f3b54eea80120a821c003c9.jpg@260w_195h_1c_1e_1o_100sh.jpg,插画-商业插画,1.4w,61,665
STARTALK星话,https://img.zcool.cn/community/012b4b5e7dcdc7a80120a8958cd2d5.jpg@80w_80h_1c_1e_1o_100sh.jpg,【打开新视界，享受多彩生活】蔡司包装设计,https://img.zcool.cn/community/0155075f3a9950a80120a8211ebc84.jpg@260w_195h_1c_1e_1o_100sh.jpg,平面-包装,1.5w,63,795
bigballgao,https://img.zcool.cn/community/0464bf554909eb0000019ae90f2d48.jpg@80w_80h_1c_1e_1o_100sh.jpg,【绿衣女】,https://img.zcool.cn/community/01926b5f3b32f2a801215aa029cead.jpg@260w_195h_1c_1e_1o_100sh.jpg,影视-设定/分镜,1.3w,80,778
路遥Suvan,https://img.zcool.cn/community/004bee59269709b5b3086ed469b5a8.jpg@80w_80h_1c_1e_1o_100sh.jpg,最美西部之在路上宣言,https://img.zcool.cn/community/0129175f2fd1fba801215aa07241a6.jpg@260w_195h_1c_1e_1o_100sh.jpg,摄影-风光,9797,39,778
尽头,https://img.zcool.cn/community/01c51a5bc93e4fa8012099c8267937.jpg@80w_80h_1c_1e_1o_100sh.jpg,Redmi 10X系列＆K30至尊纪念版,https://img.zcool.cn/community/01c0215f3a8c53a801215aa081be2b.jpg@260w_195h_1c_1e_1o_100sh.jpg,网页-其他网页,1.1w,84,552
容品牌,https://img.zcool.cn/community/0113a75c21cfffa8012029ac6d64fd.jpg@80w_80h_1c_1e_1o_100sh.jpg,如何用文化 IP 重塑东方滋补文化？,https://img.zcool.cn/community/0160fa5f3a42d9a80120a821fc0586.jpg@260w_195h_1c_1e_1o_100sh.jpg,平面-包装,3.6w,58,612
超级何某某,https://img.zcool.cn/community/031dce05e6875e8a80120a8956d41e1.jpg@80w_80h_1c_1e_1o_100sh.jpg,keep u style姿态【动物摄影师何某某个人作品27】,https://img.zcool.cn/community/01cf375f3abfc9a80120a8219c93c4.jpg@260w_195h_1c_1e_1o_100sh.jpg,摄影-动物,3.2w,114,714
王丹青爱手创,https://img.zcool.cn/community/01bc035bf3b3fba80120925286c4af.jpg@80w_80h_1c_1e_1o_100sh.jpg,水族人民智慧结晶,https://img.zcool.cn/community/0181445f3b34a0a80120a821cd10ad.jpg@260w_195h_1c_1e_1o_100sh.jpg,手工艺-其他手工,8652,22,220
thomas看看世界,https://img.zcool.cn/community/0099c2593e2c1fa8012193a3098ef4.jpg@80w_80h_1c_1e_1o_100sh.jpg,手机摄影 - 内蒙青海,https://img.zcool.cn/community/0140045f3a78f3a80120a8218a3a38.jpg@260w_195h_1c_1e_1o_100sh.jpg,摄影-手机,1.3w,44,430
七七小菇凉,https://img.zcool.cn/community/0443be554740c90000019ae9529397.jpg@80w_80h_1c_1e_1o_100sh.jpg,平实不平庸-浅谈大师焦段50mm镜头,https://img.zcool.cn/community/01e8ba5f3ab614a80120a821abd249.jpg@260w_195h_1c_1e_1o_100sh.jpg,文章-教程-摄影,9476,37,209
站酷高高手,无,零基础也能拍高质量短片,https://img.zcool.cn/community/01d2c55f3dd7fba801215aa05e15ef.jpg,学习视频,无,无,无
treedom0,https://img.zcool.cn/community/0434ba553fb2ee0000014027ff8479.jpg@80w_80h_1c_1e_1o_100sh.jpg,青木2018/2019年度作品总结,https://img.zcool.cn/community/01f8595f3d100aa80120a821e21aa4.jpg@260w_195h_1c_1e_1o_100sh.jpg,其他-其他,1805,12,80
糖王周毅团队,https://img.zcool.cn/community/01792a5e10093ea80120a89583454d.jpg@80w_80h_1c_1e_1o_100sh.jpg,糖王团队2019英国国际蛋糕展金奖翻糖人偶作品<青白蛇>,https://img.zcool.cn/community/01079e5f3ddbcaa80120a8213773d7.jpg@260w_195h_1c_1e_1o_100sh.jpg,手工艺-手办/原型,1392,10,125
饭太稀Fan,https://img.zcool.cn/community/042ae95976d12ca8012193a3edc9e2.jpg@80w_80h_1c_1e_1o_100sh.jpg,花落,https://img.zcool.cn/community/01c90d5f3dc6e2a801215aa0cbcca0.jpg@260w_195h_1c_1e_1o_100sh.jpg,插画-商业插画,2558,15,323
宁大侠,https://img.zcool.cn/community/04b10756a2d6d40000017d89c44083.jpg@80w_80h_1c_1e_1o_100sh.jpg,日常-起了个大早篇,https://img.zcool.cn/community/01c60e5f3d10c8a801215aa0ff096c.jpg@260w_195h_1c_1e_1o_100sh.jpg,插画-插画习作,1234,7,59
站酷海洛,无,处暑节气原创插画,https://img.zcool.cn/community/01681e5f3dde3ca801215aa04a0cfe.jpg,精选图集,无,无,无
palwo,https://img.zcool.cn/community/043fcb582d7463a84a0d304f53b71c.jpg@80w_80h_1c_1e_1o_100sh.jpg,英雄联盟绽灵节游戏专题,https://img.zcool.cn/community/01cbf45f3e004aa80120a821cf7741.jpg@260w_195h_1c_1e_1o_100sh.jpg,网页-游戏/娱乐,3143,16,171
SEENVISION,https://img.zcool.cn/community/015d665c7f4593a80120af9adca359.jpg@80w_80h_1c_1e_1o_100sh.jpg,OPPO Reno4 Pro 艺术家限定版 KV_by seenvision ,https://img.zcool.cn/community/011e175f3e13eaa80120a8211aa73c.jpg@260w_195h_1c_1e_1o_100sh.jpg,平面-海报,6527,30,455
莲羊,https://img.zcool.cn/community/03109315efc7ea8a801215aa0bccb0a.jpg@80w_80h_1c_1e_1o_100sh.jpg,【岩彩】你的七夕大礼包《微光·月老》,https://img.zcool.cn/community/013ecd5f3cec89a801215aa085006a.jpg@260w_195h_1c_1e_1o_100sh.jpg,纯艺术-其他艺创,6625,14,183
奇舫社,https://img.zcool.cn/community/01daa85e5ddfcaa80120a895b85579.jpg@80w_80h_1c_1e_1o_100sh.jpg,尤妮佳 x 故宫,https://img.zcool.cn/community/01fcea5f3cdde2a80120a8217583b6.jpg@260w_195h_1c_1e_1o_100sh.jpg,插画-商业插画,9445,7,233
X老师会拍照,https://img.zcool.cn/community/03169045e09acffa80120a895435ea4.jpg@80w_80h_1c_1e_1o_100sh.jpg,三星 Galaxy Z Flip 5G （附布光图）,https://img.zcool.cn/community/019f275f3dd262a801215aa0e5bcd3.jpg@260w_195h_1c_1e_1o_100sh.jpg,摄影-产品,8786,20,212
七维视觉,https://img.zcool.cn/community/01ffb05f3e11d0a801215aa000f8f0.jpg@80w_80h_1c_1e_1o_100sh.jpg,曼逸运动新视觉X七维视觉,https://img.zcool.cn/community/01c88a5f3cfdaaa801215aa0eb028d.jpg@260w_195h_1c_1e_1o_100sh.jpg,网页-电商,5250,28,281
将军他爸,https://static.zcool.cn/git_z/z/images/boy.png,漫画：自己的婚姻 自己烩,https://img.zcool.cn/community/019f955f3c0abfa801215aa0106798.jpg@260w_195h_1c_1e_1o_100sh.jpg,动漫-中/长篇漫画,8696,55,511
酸梅干超人,https://img.zcool.cn/community/01b1015f1ef7bfa801215aa0ad2516.jpg@80w_80h_1c_1e_1o_100sh.jpg,10年经验总结的高效 UI 配色策略,https://img.zcool.cn/community/01ca2a5f3ce88ea801215aa0941795.jpg@260w_195h_1c_1e_1o_100sh.jpg,文章-教程-UI,9264,48,960
尚巍,https://img.zcool.cn/community/011af55e734520a80120a89505eccb.jpg@80w_80h_1c_1e_1o_100sh.jpg,尚巍手书,https://img.zcool.cn/community/0118a75f3cec9ca80120a82160b403.jpg@260w_195h_1c_1e_1o_100sh.jpg,平面-字体/字形,8588,37,166
胡晓波设计,https://img.zcool.cn/community/048702577b89fe0000012e7e85d4e5.jpg@80w_80h_1c_1e_1o_100sh.jpg,悠然民宿品牌设计,https://img.zcool.cn/community/01519b5f3ce9efa801215aa0cf6962.jpg@260w_195h_1c_1e_1o_100sh.jpg,平面-品牌,5.1w,90,1216
G5M6_AveLeung,https://img.zcool.cn/community/01ced65e83fdd7a801216518a35cfb.jpg@80w_80h_1c_1e_1o_100sh.jpg,2020青春芒果夜IP视觉设计,https://img.zcool.cn/community/0177af5f3ce368a801215aa076cfc0.jpg@260w_195h_1c_1e_1o_100sh.jpg,平面-吉祥物,1.6w,30,294
OCTOPUSCHIEN,https://img.zcool.cn/community/01e9655dedfedfa80120956831d96d.jpg@80w_80h_1c_1e_1o_100sh.jpg,HERU丨黑鹿,https://img.zcool.cn/community/011e0d5f3c8978a801215aa0d5f5b8.jpg@260w_195h_1c_1e_1o_100sh.jpg,平面-包装,9391,11,165
Fish慧,https://img.zcool.cn/community/04bb525974c50ca8010da6e4813509.jpg@80w_80h_1c_1e_1o_100sh.jpg,2019年游戏页面总结,https://img.zcool.cn/community/01f39b5f3cd643a801215aa04a3300.jpg@260w_195h_1c_1e_1o_100sh.jpg,网页-游戏/娱乐,9194,50,472
腰果虾仁,https://img.zcool.cn/community/004cd35950bfc8a8012193a37f8fbc.jpg@80w_80h_1c_1e_1o_100sh.jpg,去年夏天的某天,https://img.zcool.cn/community/01ab955f3ccc5ca801215aa0ba9516.jpg@260w_195h_1c_1e_1o_100sh.jpg,摄影-人像,8305,70,437
之南Karen,https://img.zcool.cn/community/00132a5b10f78ca801212d573dcf0b.jpg@80w_80h_1c_1e_1o_100sh.jpg,卢靖姗CelinaJade 《VWmagazine》,https://img.zcool.cn/community/0106325f3ba465a801215aa09129f3.jpg@260w_195h_1c_1e_1o_100sh.jpg,摄影-时尚,6780,19,160
陈绽,https://img.zcool.cn/community/002b175ae7b5e7a801219b7f40d1a3.jpg@80w_80h_1c_1e_1o_100sh.jpg,绽影像之《伐冰》,https://img.zcool.cn/community/01acc45f3bb84ea801215aa099a402.jpg@260w_195h_1c_1e_1o_100sh.jpg,摄影-静物,1.1w,36,737
兔纸鱼,https://img.zcool.cn/community/010a915e66120ca80120a89531e8cc.jpg@80w_80h_1c_1e_1o_100sh.jpg,🌈彩虹镇的小公主——小雾霾,https://img.zcool.cn/community/01e2ad5f3b8021a801215aa01e8ff8.jpg@260w_195h_1c_1e_1o_100sh.jpg,手工艺-手办/模玩,2.1w,86,381
一只YIZ,https://img.zcool.cn/community/0101925bac8603a8012099c8efb502.jpg@80w_80h_1c_1e_1o_100sh.jpg,王者荣耀三分夏日篇,https://img.zcool.cn/community/01cfee5f3b8ca6a80120a821c84c4a.jpg@260w_195h_1c_1e_1o_100sh.jpg,三维-动画/影视,1.4w,58,682
UoUstudio,https://img.zcool.cn/community/01767b5c0943dca80121ab5dafdb87.jpg@80w_80h_1c_1e_1o_100sh.jpg,REALME C15,https://img.zcool.cn/community/016d385f3b912ca801215aa0a4b217.jpg@260w_195h_1c_1e_1o_100sh.jpg,三维-产品,1.2w,35,535
核玩coreplay,https://img.zcool.cn/community/03113855bfb7a2aa801209252fd1b8e.jpg@80w_80h_1c_1e_1o_100sh.jpg,核玩coreplay 中国文化原创作品《熊猫门神》,https://img.zcool.cn/community/031aded5f3b8930a801215aa024a527.jpg@260w_195h_1c_1e_1o_100sh.jpg,工业/产品-玩具,1.7w,29,262
发海,https://img.zcool.cn/community/04319b57e0c16d0000012e7e7d7ac3.jpg@80w_80h_1c_1e_1o_100sh.jpg,Redmi,https://img.zcool.cn/community/014b8b5f3b5d0fa80120a8215d614f.jpg@260w_195h_1c_1e_1o_100sh.jpg,三维-产品,1.5w,48,551
Blackstation影像,https://img.zcool.cn/community/01dc305c4023d3a801213f26ac8092.jpg@80w_80h_1c_1e_1o_100sh.jpg,像素迪拜 快闪版,https://img.zcool.cn/community/01ef645f3b3bffa80120a821a8c721.jpg@260w_195h_1c_1e_1o_100sh.jpg,影视-短片,1.7w,37,337
雪鱼,https://img.zcool.cn/community/001ec95a30f0bca80120ba38915fe5.jpg@80w_80h_1c_1e_1o_100sh.jpg,浮生之尘,https://img.zcool.cn/community/018f515f3b70b6a80120a82115cfbe.jpg@260w_195h_1c_1e_1o_100sh.jpg,插画-商业插画,1.4w,50,672
李2wing,https://img.zcool.cn/community/0186b15d602dcda8012187f43f9a3f.jpg@80w_80h_1c_1e_1o_100sh.jpg,插画合集,https://img.zcool.cn/community/01fe405f3b5940a801215aa09f1de8.jpg@260w_195h_1c_1e_1o_100sh.jpg,插画-其他插画,9905,57,606
书亦飞,https://img.zcool.cn/community/01374f5e4ff8d2a801216518a772a1.jpg@80w_80h_1c_1e_1o_100sh.jpg,书亦飞古风插画——于正作品《玉楼春》宣传海报,https://img.zcool.cn/community/010dcc5f3b54eea80120a821c003c9.jpg@260w_195h_1c_1e_1o_100sh.jpg,插画-商业插画,1.4w,61,665
STARTALK星话,https://img.zcool.cn/community/012b4b5e7dcdc7a80120a8958cd2d5.jpg@80w_80h_1c_1e_1o_100sh.jpg,【打开新视界，享受多彩生活】蔡司包装设计,https://img.zcool.cn/community/0155075f3a9950a80120a8211ebc84.jpg@260w_195h_1c_1e_1o_100sh.jpg,平面-包装,1.5w,63,795
bigballgao,https://img.zcool.cn/community/0464bf554909eb0000019ae90f2d48.jpg@80w_80h_1c_1e_1o_100sh.jpg,【绿衣女】,https://img.zcool.cn/community/01926b5f3b32f2a801215aa029cead.jpg@260w_195h_1c_1e_1o_100sh.jpg,影视-设定/分镜,1.3w,80,778
路遥Suvan,https://img.zcool.cn/community/004bee59269709b5b3086ed469b5a8.jpg@80w_80h_1c_1e_1o_100sh.jpg,最美西部之在路上宣言,https://img.zcool.cn/community/0129175f2fd1fba801215aa07241a6.jpg@260w_195h_1c_1e_1o_100sh.jpg,摄影-风光,9797,39,778
尽头,https://img.zcool.cn/community/01c51a5bc93e4fa8012099c8267937.jpg@80w_80h_1c_1e_1o_100sh.jpg,Redmi 10X系列＆K30至尊纪念版,https://img.zcool.cn/community/01c0215f3a8c53a801215aa081be2b.jpg@260w_195h_1c_1e_1o_100sh.jpg,网页-其他网页,1.1w,84,552
容品牌,https://img.zcool.cn/community/0113a75c21cfffa8012029ac6d64fd.jpg@80w_80h_1c_1e_1o_100sh.jpg,如何用文化 IP 重塑东方滋补文化？,https://img.zcool.cn/community/0160fa5f3a42d9a80120a821fc0586.jpg@260w_195h_1c_1e_1o_100sh.jpg,平面-包装,3.6w,58,612
超级何某某,https://img.zcool.cn/community/031dce05e6875e8a80120a8956d41e1.jpg@80w_80h_1c_1e_1o_100sh.jpg,keep u style姿态【动物摄影师何某某个人作品27】,https://img.zcool.cn/community/01cf375f3abfc9a80120a8219c93c4.jpg@260w_195h_1c_1e_1o_100sh.jpg,摄影-动物,3.2w,114,714
王丹青爱手创,https://img.zcool.cn/community/01bc035bf3b3fba80120925286c4af.jpg@80w_80h_1c_1e_1o_100sh.jpg,水族人民智慧结晶,https://img.zcool.cn/community/0181445f3b34a0a80120a821cd10ad.jpg@260w_195h_1c_1e_1o_100sh.jpg,手工艺-其他手工,8652,22,220
thomas看看世界,https://img.zcool.cn/community/0099c2593e2c1fa8012193a3098ef4.jpg@80w_80h_1c_1e_1o_100sh.jpg,手机摄影 - 内蒙青海,https://img.zcool.cn/community/0140045f3a78f3a80120a8218a3a38.jpg@260w_195h_1c_1e_1o_100sh.jpg,摄影-手机,1.3w,44,430
七七小菇凉,https://img.zcool.cn/community/0443be554740c90000019ae9529397.jpg@80w_80h_1c_1e_1o_100sh.jpg,平实不平庸-浅谈大师焦段50mm镜头,https://img.zcool.cn/community/01e8ba5f3ab614a80120a821abd249.jpg@260w_195h_1c_1e_1o_100sh.jpg,文章-教程-摄影,9476,37,209
站酷高高手,无,零基础也能拍高质量短片,https://img.zcool.cn/community/01d2c55f3dd7fba801215aa05e15ef.jpg,学习视频,无,无,无
treedom0,https://img.zcool.cn/community/0434ba553fb2ee0000014027ff8479.jpg@80w_80h_1c_1e_1o_100sh.jpg,青木2018/2019年度作品总结,https://img.zcool.cn/community/01f8595f3d100aa80120a821e21aa4.jpg@260w_195h_1c_1e_1o_100sh.jpg,其他-其他,1805,12,80
糖王周毅团队,https://img.zcool.cn/community/01792a5e10093ea80120a89583454d.jpg@80w_80h_1c_1e_1o_100sh.jpg,糖王团队2019英国国际蛋糕展金奖翻糖人偶作品<青白蛇>,https://img.zcool.cn/community/01079e5f3ddbcaa80120a8213773d7.jpg@260w_195h_1c_1e_1o_100sh.jpg,手工艺-手办/原型,1392,10,125
饭太稀Fan,https://img.zcool.cn/community/042ae95976d12ca8012193a3edc9e2.jpg@80w_80h_1c_1e_1o_100sh.jpg,花落,https://img.zcool.cn/community/01c90d5f3dc6e2a801215aa0cbcca0.jpg@260w_195h_1c_1e_1o_100sh.jpg,插画-商业插画,2558,15,323
宁大侠,https://img.zcool.cn/community/04b10756a2d6d40000017d89c44083.jpg@80w_80h_1c_1e_1o_100sh.jpg,日常-起了个大早篇,https://img.zcool.cn/community/01c60e5f3d10c8a801215aa0ff096c.jpg@260w_195h_1c_1e_1o_100sh.jpg,插画-插画习作,1234,7,59
站酷海洛,无,处暑节气原创插画,https://img.zcool.cn/community/01681e5f3dde3ca801215aa04a0cfe.jpg,精选图集,无,无,无
palwo,https://img.zcool.cn/community/043fcb582d7463a84a0d304f53b71c.jpg@80w_80h_1c_1e_1o_100sh.jpg,英雄联盟绽灵节游戏专题,https://img.zcool.cn/community/01cbf45f3e004aa80120a821cf7741.jpg@260w_195h_1c_1e_1o_100sh.jpg,网页-游戏/娱乐,3143,16,171
SEENVISION,https://img.zcool.cn/community/015d665c7f4593a80120af9adca359.jpg@80w_80h_1c_1e_1o_100sh.jpg,OPPO Reno4 Pro 艺术家限定版 KV_by seenvision ,https://img.zcool.cn/community/011e175f3e13eaa80120a8211aa73c.jpg@260w_195h_1c_1e_1o_100sh.jpg,平面-海报,6527,30,455
莲羊,https://img.zcool.cn/community/03109315efc7ea8a801215aa0bccb0a.jpg@80w_80h_1c_1e_1o_100sh.jpg,【岩彩】你的七夕大礼包《微光·月老》,https://img.zcool.cn/community/013ecd5f3cec89a801215aa085006a.jpg@260w_195h_1c_1e_1o_100sh.jpg,纯艺术-其他艺创,6625,14,183
奇舫社,https://img.zcool.cn/community/01daa85e5ddfcaa80120a895b85579.jpg@80w_80h_1c_1e_1o_100sh.jpg,尤妮佳 x 故宫,https://img.zcool.cn/community/01fcea5f3cdde2a80120a8217583b6.jpg@260w_195h_1c_1e_1o_100sh.jpg,插画-商业插画,9445,7,233
X老师会拍照,https://img.zcool.cn/community/03169045e09acffa80120a895435ea4.jpg@80w_80h_1c_1e_1o_100sh.jpg,三星 Galaxy Z Flip 5G （附布光图）,https://img.zcool.cn/community/019f275f3dd262a801215aa0e5bcd3.jpg@260w_195h_1c_1e_1o_100sh.jpg,摄影-产品,8786,20,212
七维视觉,https://img.zcool.cn/community/01ffb05f3e11d0a801215aa000f8f0.jpg@80w_80h_1c_1e_1o_100sh.jpg,曼逸运动新视觉X七维视觉,https://img.zcool.cn/community/01c88a5f3cfdaaa801215aa0eb028d.jpg@260w_195h_1c_1e_1o_100sh.jpg,网页-电商,5250,28,281
将军他爸,https://static.zcool.cn/git_z/z/images/boy.png,漫画：自己的婚姻 自己烩,https://img.zcool.cn/community/019f955f3c0abfa801215aa0106798.jpg@260w_195h_1c_1e_1o_100sh.jpg,动漫-中/长篇漫画,8696,55,511
酸梅干超人,https://img.zcool.cn/community/01b1015f1ef7bfa801215aa0ad2516.jpg@80w_80h_1c_1e_1o_100sh.jpg,10年经验总结的高效 UI 配色策略,https://img.zcool.cn/community/01ca2a5f3ce88ea801215aa0941795.jpg@260w_195h_1c_1e_1o_100sh.jpg,文章-教程-UI,9264,48,960
尚巍,https://img.zcool.cn/community/011af55e734520a80120a89505eccb.jpg@80w_80h_1c_1e_1o_100sh.jpg,尚巍手书,https://img.zcool.cn/community/0118a75f3cec9ca80120a82160b403.jpg@260w_195h_1c_1e_1o_100sh.jpg,平面-字体/字形,8588,37,166
胡晓波设计,https://img.zcool.cn/community/048702577b89fe0000012e7e85d4e5.jpg@80w_80h_1c_1e_1o_100sh.jpg,悠然民宿品牌设计,https://img.zcool.cn/community/01519b5f3ce9efa801215aa0cf6962.jpg@260w_195h_1c_1e_1o_100sh.jpg,平面-品牌,5.1w,90,1216
G5M6_AveLeung,https://img.zcool.cn/community/01ced65e83fdd7a801216518a35cfb.jpg@80w_80h_1c_1e_1o_100sh.jpg,2020青春芒果夜IP视觉设计,https://img.zcool.cn/community/0177af5f3ce368a801215aa076cfc0.jpg@260w_195h_1c_1e_1o_100sh.jpg,平面-吉祥物,1.6w,30,294
OCTOPUSCHIEN,https://img.zcool.cn/community/01e9655dedfedfa80120956831d96d.jpg@80w_80h_1c_1e_1o_100sh.jpg,HERU丨黑鹿,https://img.zcool.cn/community/011e0d5f3c8978a801215aa0d5f5b8.jpg@260w_195h_1c_1e_1o_100sh.jpg,平面-包装,9391,11,165
Fish慧,https://img.zcool.cn/community/04bb525974c50ca8010da6e4813509.jpg@80w_80h_1c_1e_1o_100sh.jpg,2019年游戏页面总结,https://img.zcool.cn/community/01f39b5f3cd643a801215aa04a3300.jpg@260w_195h_1c_1e_1o_100sh.jpg,网页-游戏/娱乐,9194,50,472
腰果虾仁,https://img.zcool.cn/community/004cd35950bfc8a8012193a37f8fbc.jpg@80w_80h_1c_1e_1o_100sh.jpg,去年夏天的某天,https://img.zcool.cn/community/01ab955f3ccc5ca801215aa0ba9516.jpg@260w_195h_1c_1e_1o_100sh.jpg,摄影-人像,8305,70,437
之南Karen,https://img.zcool.cn/community/00132a5b10f78ca801212d573dcf0b.jpg@80w_80h_1c_1e_1o_100sh.jpg,卢靖姗CelinaJade 《VWmagazine》,https://img.zcool.cn/community/0106325f3ba465a801215aa09129f3.jpg@260w_195h_1c_1e_1o_100sh.jpg,摄影-时尚,6780,19,160
陈绽,https://img.zcool.cn/community/002b175ae7b5e7a801219b7f40d1a3.jpg@80w_80h_1c_1e_1o_100sh.jpg,绽影像之《伐冰》,https://img.zcool.cn/community/01acc45f3bb84ea801215aa099a402.jpg@260w_195h_1c_1e_1o_100sh.jpg,摄影-静物,1.1w,36,737
兔纸鱼,https://img.zcool.cn/community/010a915e66120ca80120a89531e8cc.jpg@80w_80h_1c_1e_1o_100sh.jpg,🌈彩虹镇的小公主——小雾霾,https://img.zcool.cn/community/01e2ad5f3b8021a801215aa01e8ff8.jpg@260w_195h_1c_1e_1o_100sh.jpg,手工艺-手办/模玩,2.1w,86,381
一只YIZ,https://img.zcool.cn/community/0101925bac8603a8012099c8efb502.jpg@80w_80h_1c_1e_1o_100sh.jpg,王者荣耀三分夏日篇,https://img.zcool.cn/community/01cfee5f3b8ca6a80120a821c84c4a.jpg@260w_195h_1c_1e_1o_100sh.jpg,三维-动画/影视,1.4w,58,682
UoUstudio,https://img.zcool.cn/community/01767b5c0943dca80121ab5dafdb87.jpg@80w_80h_1c_1e_1o_100sh.jpg,REALME C15,https://img.zcool.cn/community/016d385f3b912ca801215aa0a4b217.jpg@260w_195h_1c_1e_1o_100sh.jpg,三维-产品,1.2w,35,535
核玩coreplay,https://img.zcool.cn/community/03113855bfb7a2aa801209252fd1b8e.jpg@80w_80h_1c_1e_1o_100sh.jpg,核玩coreplay 中国文化原创作品《熊猫门神》,https://img.zcool.cn/community/031aded5f3b8930a801215aa024a527.jpg@260w_195h_1c_1e_1o_100sh.jpg,工业/产品-玩具,1.7w,29,262
发海,https://img.zcool.cn/community/04319b57e0c16d0000012e7e7d7ac3.jpg@80w_80h_1c_1e_1o_100sh.jpg,Redmi,https://img.zcool.cn/community/014b8b5f3b5d0fa80120a8215d614f.jpg@260w_195h_1c_1e_1o_100sh.jpg,三维-产品,1.5w,48,551
Blackstation影像,https://img.zcool.cn/community/01dc305c4023d3a801213f26ac8092.jpg@80w_80h_1c_1e_1o_100sh.jpg,像素迪拜 快闪版,https://img.zcool.cn/community/01ef645f3b3bffa80120a821a8c721.jpg@260w_195h_1c_1e_1o_100sh.jpg,影视-短片,1.7w,37,337
雪鱼,https://img.zcool.cn/community/001ec95a30f0bca80120ba38915fe5.jpg@80w_80h_1c_1e_1o_100sh.jpg,浮生之尘,https://img.zcool.cn/community/018f515f3b70b6a80120a82115cfbe.jpg@260w_195h_1c_1e_1o_100sh.jpg,插画-商业插画,1.4w,50,672
李2wing,https://img.zcool.cn/community/0186b15d602dcda8012187f43f9a3f.jpg@80w_80h_1c_1e_1o_100sh.jpg,插画合集,https://img.zcool.cn/community/01fe405f3b5940a801215aa09f1de8.jpg@260w_195h_1c_1e_1o_100sh.jpg,插画-其他插画,9905,57,606
书亦飞,https://img.zcool.cn/community/01374f5e4ff8d2a801216518a772a1.jpg@80w_80h_1c_1e_1o_100sh.jpg,书亦飞古风插画——于正作品《玉楼春》宣传海报,https://img.zcool.cn/community/010dcc5f3b54eea80120a821c003c9.jpg@260w_195h_1c_1e_1o_100sh.jpg,插画-商业插画,1.4w,61,665
STARTALK星话,https://img.zcool.cn/community/012b4b5e7dcdc7a80120a8958cd2d5.jpg@80w_80h_1c_1e_1o_100sh.jpg,【打开新视界，享受多彩生活】蔡司包装设计,https://img.zcool.cn/community/0155075f3a9950a80120a8211ebc84.jpg@260w_195h_1c_1e_1o_100sh.jpg,平面-包装,1.5w,63,795
bigballgao,https://img.zcool.cn/community/0464bf554909eb0000019ae90f2d48.jpg@80w_80h_1c_1e_1o_100sh.jpg,【绿衣女】,https://img.zcool.cn/community/01926b5f3b32f2a801215aa029cead.jpg@260w_195h_1c_1e_1o_100sh.jpg,影视-设定/分镜,1.3w,80,778
路遥Suvan,https://img.zcool.cn/community/004bee59269709b5b3086ed469b5a8.jpg@80w_80h_1c_1e_1o_100sh.jpg,最美西部之在路上宣言,https://img.zcool.cn/community/0129175f2fd1fba801215aa07241a6.jpg@260w_195h_1c_1e_1o_100sh.jpg,摄影-风光,9797,39,778
尽头,https://img.zcool.cn/community/01c51a5bc93e4fa8012099c8267937.jpg@80w_80h_1c_1e_1o_100sh.jpg,Redmi 10X系列＆K30至尊纪念版,https://img.zcool.cn/community/01c0215f3a8c53a801215aa081be2b.jpg@260w_195h_1c_1e_1o_100sh.jpg,网页-其他网页,1.1w,84,552
容品牌,https://img.zcool.cn/community/0113a75c21cfffa8012029ac6d64fd.jpg@80w_80h_1c_1e_1o_100sh.jpg,如何用文化 IP 重塑东方滋补文化？,https://img.zcool.cn/community/0160fa5f3a42d9a80120a821fc0586.jpg@260w_195h_1c_1e_1o_100sh.jpg,平面-包装,3.6w,58,612
超级何某某,https://img.zcool.cn/community/031dce05e6875e8a80120a8956d41e1.jpg@80w_80h_1c_1e_1o_100sh.jpg,keep u style姿态【动物摄影师何某某个人作品27】,https://img.zcool.cn/community/01cf375f3abfc9a80120a8219c93c4.jpg@260w_195h_1c_1e_1o_100sh.jpg,摄影-动物,3.2w,114,714
王丹青爱手创,https://img.zcool.cn/community/01bc035bf3b3fba80120925286c4af.jpg@80w_80h_1c_1e_1o_100sh.jpg,水族人民智慧结晶,https://img.zcool.cn/community/0181445f3b34a0a80120a821cd10ad.jpg@260w_195h_1c_1e_1o_100sh.jpg,手工艺-其他手工,8652,22,220
thomas看看世界,https://img.zcool.cn/community/0099c2593e2c1fa8012193a3098ef4.jpg@80w_80h_1c_1e_1o_100sh.jpg,手机摄影 - 内蒙青海,https://img.zcool.cn/community/0140045f3a78f3a80120a8218a3a38.jpg@260w_195h_1c_1e_1o_100sh.jpg,摄影-手机,1.3w,44,430
七七小菇凉,https://img.zcool.cn/community/0443be554740c90000019ae9529397.jpg@80w_80h_1c_1e_1o_100sh.jpg,平实不平庸-浅谈大师焦段50mm镜头,https://img.zcool.cn/community/01e8ba5f3ab614a80120a821abd249.jpg@260w_195h_1c_1e_1o_100sh.jpg,文章-教程-摄影,9476,37,209
站酷高高手,无,零基础也能拍高质量短片,https://img.zcool.cn/community/01d2c55f3dd7fba801215aa05e15ef.jpg,学习视频,无,无,无
