作者,作品名,作品地址,作品类型,观看人数,评论人数,点赞人数,头像
设计师专访,2020上半年大佬金句名言集,https://img.zhisheji.com/FvFreGdSzjairvvIa_zJzAgpGEyD?imageMogr2/quality/100/sharpen/1/thumbnail/290x/crop/!290x180,设计师专访,8474,14,84,https://www.zhisheji.com/uc_server/data/avatar/000/02/40/22_avatar_small.jpg?time=1478140576
头条君,破案了!巴黎世家七夕广告是从中老年表情包获取的灵感,https://img.zhisheji.com/Fqv9TFu76QGDOMIqoXdqV6BfSD9c?imageMogr2/quality/100/sharpen/1/thumbnail/290x/crop/!290x180,头条,5199,22,70,https://www.zhisheji.com/uc_server/data/avatar/000/09/50/09_avatar_small.jpg?time=1478140334
修图师小鱼,创作片,https://img.zhisheji.com/ltYnGtEi5VOro_luMwuXRzMWYjg9?imageMogr2/thumbnail/750x/crop/!750x469a0a28,摄影-修图后期,985,1,9,https://www.zhisheji.com/uc_server/data/avatar/000/34/86/24_avatar_small.jpg?time=1515401471
刘德良,谁最暴躁？十二生肖,https://img.zhisheji.com/Fs8C1_j-6DFl7hcKsPVvXwc4Fuxm?imageMogr2/quality/100/sharpen/1/thumbnail/290x/crop/!290x180,插画-涂鸦潮流,1296,4,15,https://www.zhisheji.com/uc_server/data/avatar/000/22/67/18_avatar_small.jpg?time=1565575093
Fish慧,2019年游戏页面总结,https://img.zhisheji.com/Fp8AKzI4FYDEtb3RWFIaYydVXPb2?imageMogr2/quality/100/sharpen/1/thumbnail/290x/crop/!290x180,网页-游戏/娱乐,1448,17,33,https://www.zhisheji.com/uc_server/data/avatar/001/00/43/88_avatar_small.jpg?time=1597847561
isometric,独奏-M01-创意短片,https://img.zhisheji.com/li56oB52_3zQhvsjlT0dA2jMcinc?imageMogr2/thumbnail/750x/crop/!677x423a39a0,三维/C4D,3463,12,41,https://www.zhisheji.com/uc_server/data/avatar/001/00/43/52_avatar_small.jpg?time=1597832459
慵懒的大川,这些设计看起来好好吃～,https://img.zhisheji.com/FsGXZWXY22WKiVHdWNnmX_jdQuRu?imageMogr2/thumbnail/750x/crop/!750x469a0a0,首页/专题-汇吃美食,2800,20,43,https://www.zhisheji.com/uc_server/data/avatar/000/02/19/82_avatar_small.jpg?time=1597827581
点奥文化,欧诗漫 | 活动首页设计合辑,https://img.zhisheji.com/Fhn5pMTHmG2MZ5fp1tmhQAVNcH6W?imageMogr2/quality/100/sharpen/1/thumbnail/290x/crop/!290x180,首页/专题-护肤彩妆,7826,15,81,https://www.zhisheji.com/uc_server/data/avatar/000/10/51/21_avatar_small.jpg?time=1565914391
sqwen,| 氧记 | 品牌设计,https://img.zhisheji.com/Fm_lDrabKrwYxpberDu09DAKxGW_?imageMogr2/quality/100/sharpen/1/thumbnail/290x/crop/!290x180,平面-品牌,2595,12,33,https://www.zhisheji.com/uc_server/data/avatar/000/47/55/50_avatar_small.jpg?time=1570781901
BHQS,BHQS#近期案例,https://img.zhisheji.com/FvfS728EgubLo_GXQUN7L-l9ij2S?imageMogr2/thumbnail/750x/crop/!600x375a64a0,插画-商业插画,1926,8,17,https://www.zhisheji.com/uc_server/data/avatar/000/47/91/86_avatar_small.jpg?time=1586770174
毫克,毫克字迹,https://img.zhisheji.com/FnUufVPueAXKKzYKlqmZXTFp04wp?imageMogr2/quality/100/sharpen/1/thumbnail/290x/crop/!290x180,平面-字体设计,1102,6,15,https://www.zhisheji.com/uc_server/data/avatar/000/25/68/41_avatar_small.jpg?time=1577714903
凌琪冰,扫地机两个小视频,https://img.zhisheji.com/ls6PbmT-8eQ-Npd21WmqSo8wGOur?imageMogr2/thumbnail/750x/crop/!675x422a46a0,三维/C4D,4473,35,84,https://www.zhisheji.com/uc_server/data/avatar/000/11/07/89_avatar_small.jpg?time=1530669469
隔壁路人王,MAVA/暖淳 详情页x2 / 视频,https://img.zhisheji.com/FqL1vl_cSk33YSz8WI3X9ocw_qcT?imageMogr2/quality/100/sharpen/1/thumbnail/290x/crop/!290x180,详情页-百货市场,5131,19,56,https://www.zhisheji.com/uc_server/data/avatar/000/54/64/51_avatar_small.jpg?time=1591329192
点奥文化,洽洽品牌详情页视觉升级,https://img.zhisheji.com/FhTxX8E4AODnMwayFRZ4a8T97ri2?imageMogr2/quality/100/sharpen/1/thumbnail/290x/crop/!290x180,详情页-汇吃美食,8364,34,118,https://www.zhisheji.com/uc_server/data/avatar/000/10/51/21_avatar_small.jpg?time=1565914391
青Tee,Onefold & Montpl,https://img.zhisheji.com/Fp_B9qaspayT52SDQPP4hj9P1GcA?imageMogr2/quality/100/sharpen/1/thumbnail/290x/crop/!290x180,网页-企业官网,5149,37,72,https://www.zhisheji.com/uc_server/data/avatar/000/44/91/88_avatar_small.jpg?time=1587100852
希琪,【手写字】三十而已,https://img.zhisheji.com/Fj-ztKvjWOhDJnvqyCHrWp1HvfuL?imageMogr2/quality/100/sharpen/1/thumbnail/290x/crop/!290x180,平面-字体设计,4095,13,48,https://www.zhisheji.com/uc_server/data/avatar/000/52/30/31_avatar_small.jpg?time=1585581426
此刻无实物,那大概是我们为了“艺术”最奋不顾身的日子,https://img.zhisheji.com/FgpiR9oTym-UL0oKMwXzk7QEVYU0?imageMogr2/quality/100/sharpen/1/thumbnail/290x/crop/!290x180,动漫-中/长篇漫画,3481,26,57,https://www.zhisheji.com/uc_server/data/avatar/000/53/85/03_avatar_small.jpg?time=1588382988
敬文齋,魑魅魍魉,https://img.zhisheji.com/FrvoGrkHXsxcUZmvMYin139i3GO1?imageMogr2/thumbnail/750x/crop/!346x216a202a98,平面-字体设计,1893,5,15,https://www.zhisheji.com/uc_server/data/avatar/000/37/62/74_avatar_small.jpg?time=1527663297
FOODOGRAPH,创意广告 | 脖子不舒服 用SKG颈部按摩仪 K5,https://img.zhisheji.com/lvFTpY6UK7KzYZb7oaaVMB6QZga3?imageMogr2/thumbnail/750x/crop/!674x421a35a0,摄影-其他,3741,8,38,https://www.zhisheji.com/uc_server/data/avatar/000/35/42/06_avatar_small.jpg?time=1519972015
任星星,致设计7周年庆海报设计,https://img.zhisheji.com/FgFKgDkKOsCq-J1FjL1VDi0dXEdr?imageMogr2/quality/100/sharpen/1/thumbnail/290x/crop/!290x180,海报-其他,9328,48,222,https://www.zhisheji.com/uc_server/data/avatar/000/35/40/19_avatar_small.jpg?time=1586491482
小狼君Langcer,【佰芙·宠物食品包装设计合集】让我们来撒狗粮~,https://img.zhisheji.com/FuiBEadmBbQgO68-QDHRA9gp7jU0?imageMogr2/quality/100/sharpen/1/thumbnail/290x/crop/!290x180,平面-包装设计,4926,12,36,https://www.zhisheji.com/uc_server/data/avatar/000/54/45/20_avatar_small.jpg?time=1590663599
Diszy,<Project Anew>人类撤离计划,https://img.zhisheji.com/Fh8sNUaCg6gn_8NNmy5GdecmCF-h?imageMogr2/quality/100/sharpen/1/thumbnail/290x/crop/!290x180,三维/C4D,4264,24,41,https://www.zhisheji.com/uc_server/data/avatar/000/53/14/98_avatar_small.jpg?time=1597637733
白鸽Bygoo,手写玩意│2020第17发,https://img.zhisheji.com/FrXu91_msh8Mp5BpfUspg4QjUba3?imageMogr2/quality/100/sharpen/1/thumbnail/290x/crop/!290x180,平面-字体设计,3872,12,30,https://www.zhisheji.com/uc_server/data/avatar/000/36/14/41_avatar_small.jpg?time=1592493830
点奥文化,中策集团威狮品牌首页/详情页设计,https://img.zhisheji.com/lty3QeGJw4wdEfEjJQAev9MhSbFz?imageMogr2/thumbnail/750x/crop/!320x200a227a351,详情页-汽车用品,8620,16,147,https://www.zhisheji.com/uc_server/data/avatar/000/10/51/21_avatar_small.jpg?time=1565914391
IN LIGHT摄影,胖哥俩中秋月饼 x INLIGHT 中秋 月饼 礼盒,https://img.zhisheji.com/lkhd0VV4otcXAkk8GFFNItxyiawb?imageMogr2/thumbnail/750x/crop/!750x469a0a0,摄影-产品,5345,20,51,https://www.zhisheji.com/uc_server/data/avatar/000/42/44/25_avatar_small.jpg?time=1551436668
青火chenxiao,小刀一多品牌策划设计分享,https://img.zhisheji.com/lp9quA8XNmIFNdr3OblCIPgzAEGM?imageMogr2/thumbnail/750x/crop/!750x469a0a527,首页/专题-户外运动,5367,26,50,https://www.zhisheji.com/uc_server/data/avatar/000/12/26/27_avatar_small.jpg?time=1550130564
学啊兵,重庆禁烟海报,https://img.zhisheji.com/FkUWfE98sp_w-Ou1kKfjYTIZGvKd?imageMogr2/thumbnail/750x/crop/!750x469a0a181,平面-海报,9070,37,238,https://www.zhisheji.com/uc_server/data/avatar/000/37/96/61_avatar_small.jpg?time=1531187096
HOPE  STUD,JZ形象拍摄  I  外景大片,https://img.zhisheji.com/lsKijIYXr_97yKhoSLXfuIdOOfSh?imageMogr2/thumbnail/750x/crop/!750x469a0a218,摄影-时尚,4099,7,38,https://www.zhisheji.com/uc_server/data/avatar/000/55/27/20_avatar_small.jpg?time=1594173005
潜云设计团队,【怪兽来了】零食品牌全案策划设计落地,https://img.zhisheji.com/Fsh44mjYqMML4_XqDpcg1koJ56ih?imageMogr2/thumbnail/750x/crop/!664x415a44a4,首页/专题-汇吃美食,8094,25,110,https://www.zhisheji.com/uc_server/data/avatar/000/01/49/11_avatar_small.jpg?time=1540896852
斯科字作,斯科/杂集/手写字型,https://img.zhisheji.com/FrqmVLSjYZMpEEHYv7iu5DCraxEf?imageMogr2/thumbnail/750x/crop/!520x325a120a69,平面-字体设计,3488,8,25,https://www.zhisheji.com/uc_server/data/avatar/000/23/22/23_avatar_small.jpg?time=1495468530
设计师田寒冰,高德地图/打卡邂逅我的城,https://img.zhisheji.com/Fkr-cFTkX0V6gmj1c3hW0VosbaBt?imageMogr2/quality/100/sharpen/1/thumbnail/290x/crop/!290x180,平面-字体设计,5485,11,42,https://www.zhisheji.com/uc_server/data/avatar/000/38/55/69_avatar_small.jpg?time=1533085051
赵子云,近期项目整理,https://img.zhisheji.com/ljOI4rHPq83MzIddW94WX_hZVhxa?imageMogr2/thumbnail/750x/crop/!547x342a118a77,首页/专题-护肤彩妆,9494,43,242,https://www.zhisheji.com/uc_server/data/avatar/000/36/86/56_avatar_small.jpg?time=1550454691
涅磐创设,《 Lydia-莉迪亚 》,https://img.zhisheji.com/Fg80YAHn1JTLSMobT-eKFqcYWnTp?imageMogr2/quality/100/sharpen/1/thumbnail/290x/crop/!290x180,平面-吉祥物,4993,19,61,https://www.zhisheji.com/uc_server/data/avatar/000/35/77/23_avatar_small.jpg?time=1574774654
PONY小天马,韩国影视剧海报字体的中文版设计Vol.3,https://img.zhisheji.com/FnRf0KaNKANDPOTPOOJj3PVZm-Po?imageMogr2/thumbnail/750x/crop/!568x355a92a161,平面-字体设计,7243,25,81,https://www.zhisheji.com/uc_server/data/avatar/000/51/98/23_avatar_small.jpg?time=1579148406
独奏者TheSolo,概念集合 六 Concept Collection / 6,https://img.zhisheji.com/FoDODZdwsU0fBvzJRS8oA95KvilI?imageMogr2/quality/100/sharpen/1/thumbnail/290x/crop/!290x180,平面-包装设计,4669,14,43,https://www.zhisheji.com/uc_server/data/avatar/000/53/93/71_avatar_small.jpg?time=1588763243
HM欧视觉,美的毛球修剪器X1 x O·视觉 x 2020,https://img.zhisheji.com/lmrUOn0DQ-EPvtcmC8uMZigwisWf?imageMogr2/thumbnail/750x/crop/!750x469a0a1928,详情页-家电办公,9254,28,94,https://www.zhisheji.com/uc_server/data/avatar/000/38/39/58_avatar_small.jpg?time=1593497002
插画师卷耳,近期插画涂鸦整理,https://img.zhisheji.com/lvo5UonXXU6JQtahX14VzYEZBUYY?imageMogr2/thumbnail/750x/crop/!675x422a38a368,插画-涂鸦潮流,2157,14,33,https://www.zhisheji.com/uc_server/data/avatar/000/15/61/41_avatar_small.jpg?time=1515219679
观察者s,2020测试合集第一期,https://img.zhisheji.com/lnotzGftljM8SEOXzlcldj_2xlOd?imageMogr2/thumbnail/750x/crop/!563x352a187a0,三维/C4D,8412,35,118,https://www.zhisheji.com/uc_server/data/avatar/000/55/39/72_avatar_small.jpg?time=1594699282
刘德良,小时候那些“洗脑”的广告词,https://img.zhisheji.com/FoTedT9uzV2_3MYAsxWeHVuy3Uym?imageMogr2/quality/100/sharpen/1/thumbnail/290x/crop/!290x180,平面-字体设计,8037,28,84,https://www.zhisheji.com/uc_server/data/avatar/000/22/67/18_avatar_small.jpg?time=1565575093
公佑,炊大皇微压锅/JN微压锅 渲染策划详情页 项目分享,https://img.zhisheji.com/Fl3p7wfaH7tcTFGLL9SLrjL4KwBR?imageMogr2/quality/100/sharpen/1/thumbnail/290x/crop/!290x180,详情页-其他,8864,24,73,https://www.zhisheji.com/uc_server/data/avatar/000/11/82/68_avatar_small.jpg?time=1578293262
中二的小黄鸭,字体总结,https://img.zhisheji.com/FoPIy_RRlY0SDRFymg_sn8T9sKg7?imageMogr2/thumbnail/750x/crop/!750x469a0a0,平面-字体设计,4355,13,38,https://www.zhisheji.com/uc_server/data/avatar/000/50/97/26_avatar_small.jpg?time=1575872892
Lucky阿,青蛙课堂App,https://img.zhisheji.com/FtOiyXD_sorhG9gBbNwzk61IzurA?imageMogr2/quality/100/sharpen/1/thumbnail/290x/crop/!290x180,UI-APP,4178,13,30,https://www.zhisheji.com/uc_server/data/avatar/000/44/45/83_avatar_small.jpg?time=1562571627
这是桔子,母婴奶瓶品牌详情页设计,https://img.zhisheji.com/FuBoBaJa4LA8dQryHBNgih1DCbbc?imageMogr2/quality/100/sharpen/1/thumbnail/290x/crop/!290x180,详情页-母婴用品,9416,45,147,https://www.zhisheji.com/uc_server/data/avatar/000/46/09/27_avatar_small.jpg?time=1569660452
JPL design,LOVE THE BAR 情迷酒吧-OPPO主题设计大赛,https://img.zhisheji.com/FnHjxvFE-8YvKFb6tEbS38CI-GEs?imageMogr2/thumbnail/750x/crop/!666x416a0a10,UI-主题/皮肤,4158,11,31,https://www.zhisheji.com/uc_server/data/avatar/001/00/24/73_avatar_small.jpg?time=1597672738
FOODOGRAPH,电商产品 | 暖淳智能水杯 X foodography,https://img.zhisheji.com/FgiPJYKcZL4V4E3DLaZQc18O7IE5?imageMogr2/quality/100/sharpen/1/thumbnail/290x/crop/!290x180,摄影-产品,8563,13,60,https://www.zhisheji.com/uc_server/data/avatar/000/35/42/06_avatar_small.jpg?time=1519972015
梁敏亮,战马饮料全新线上视觉形象构建,https://img.zhisheji.com/Fr9CS_uHlvlh111shTxQOW5kHaYA?imageMogr2/quality/100/sharpen/1/thumbnail/290x/crop/!290x180,网页-企业官网,7164,13,72,https://www.zhisheji.com/uc_server/data/avatar/000/35/47/57_avatar_small.jpg?time=1594262352
邓翔,【法兰芭比】儿童桌椅品牌视觉全案,https://img.zhisheji.com/FkwXScj0R8gZ0fw8DSj8f5kRUXCT?imageMogr2/quality/100/sharpen/1/thumbnail/290x/crop/!290x180,首页/专题-家居家纺,6670,11,41,https://www.zhisheji.com/uc_server/data/avatar/000/44/87/81_avatar_small.jpg?time=1591020775
文智,花特电动牙刷视觉,https://img.zhisheji.com/FrCc7yjEYHgWSglTl1CsmnbjKqVS?imageMogr2/quality/100/sharpen/1/thumbnail/290x/crop/!290x180,详情页-家电办公,9052,35,130,https://www.zhisheji.com/uc_server/data/avatar/000/09/01/06_avatar_small.jpg?time=1564479596
头条君,这5个作品入选本周榜单，大家都没意见吧？,https://img.zhisheji.com/Fo0d9KZkAfAN4b2GJyn61uVKfM_W?imageMogr2/quality/100/sharpen/1/thumbnail/290x/crop/!290x180,文章/经验,8154,5,35,https://www.zhisheji.com/uc_server/data/avatar/000/09/50/09_avatar_small.jpg?time=1478140334
敬文齋,【小王】* 流浪,https://img.zhisheji.com/Fi8BYJ9miLMHhMBCFuc1l2rpRlvr?imageMogr2/quality/100/sharpen/1/thumbnail/290x/crop/!290x180,平面-字体设计,3146,11,23,https://www.zhisheji.com/uc_server/data/avatar/000/37/62/74_avatar_small.jpg?time=1527663297
TDn,PS后期合成用光进阶教程,https://img.zhisheji.com/FmvwJmjlzaTQc8Uuxr6wxe8WghIT?imageMogr2/quality/100/sharpen/1/thumbnail/290x/crop/!290x180,教程,8628,5,67,https://www.zhisheji.com/uc_server/data/avatar/000/47/34/79_avatar_small.jpg?time=1569977200
猫十九,字体集O4,https://img.zhisheji.com/FviFBwie5pTdWANGGjbaNwzNvVmb?imageMogr2/quality/100/sharpen/1/thumbnail/290x/crop/!290x180,平面-字体设计,4048,7,25,https://www.zhisheji.com/uc_server/data/avatar/000/54/96/52_avatar_small.jpg?time=1592664070
迪升,迪升字悟-百字百态,https://img.zhisheji.com/FkojJmrQM7oJNCffgXLzWFbUWcbs?imageMogr2/quality/100/sharpen/1/thumbnail/290x/crop/!290x180,平面-字体设计,3224,7,17,https://www.zhisheji.com/uc_server/data/avatar/000/24/07/34_avatar_small.jpg?time=1569224133
LIUDONGLIN,2020.06-08丨标志精选合集,https://img.zhisheji.com/Fn4lNlZE_NYi86COKJGh23E_141V?imageMogr2/quality/100/sharpen/1/thumbnail/290x/crop/!290x180,平面-LOGO,2893,11,28,https://www.zhisheji.com/uc_server/data/avatar/000/55/44/89_avatar_small.jpg?time=1595397610
创颜设计,创颜设计/暖风机&刀具&卸妆棉/详情页&电商设计,https://img.zhisheji.com/Fu7YftYfyWK6QnH3Oq9HT-JFqJw9?imageMogr2/quality/100/sharpen/1/thumbnail/290x/crop/!290x180,详情页-其他,5767,7,18,https://www.zhisheji.com/uc_server/data/avatar/000/20/61/95_avatar_small.jpg?time=1564474020
二师兄的设计铺,致设计7周年AI插画贺图，设计追梦，7聚一堂,https://img.zhisheji.com/FnaHedU6T8S31VjEIvTu4aimlQKY?imageMogr2/quality/100/sharpen/1/thumbnail/290x/crop/!290x180,插画-涂鸦潮流,6858,64,223,https://www.zhisheji.com/uc_server/data/avatar/000/41/18/42_avatar_small.jpg?time=1588914729
MOI摩尔,飞舶Ebe-Schott｜ i型吹风机,https://img.zhisheji.com/FhwpP0yRURL3x_rnUuJOV0_2D8VA?imageMogr2/quality/100/sharpen/1/thumbnail/290x/crop/!290x180,摄影-产品,5155,19,44,https://www.zhisheji.com/uc_server/data/avatar/000/14/27/59_avatar_small.jpg?time=1592800876
探先生,字体设计 Font design  2020,https://img.zhisheji.com/FuG69HUdXZeRXglGCvg-LtL_VYB6?imageMogr2/quality/100/sharpen/1/thumbnail/290x/crop/!290x180,平面-字体设计,2350,7,19,https://www.zhisheji.com/uc_server/data/avatar/000/21/51/66_avatar_small.jpg?time=1487084396
此刻无实物,创作者的那一刻,https://img.zhisheji.com/FosxvTi9Y8VA1gv34qu23CxSX2W5?imageMogr2/quality/100/sharpen/1/thumbnail/290x/crop/!290x180,动漫-中/长篇漫画,5274,18,85,https://www.zhisheji.com/uc_server/data/avatar/000/53/85/03_avatar_small.jpg?time=1588382988
依然浚,手写美术字体,https://img.zhisheji.com/Fk92cxe0kAILkwMzPTPkro9Oe3Rq?imageMogr2/quality/100/sharpen/1/thumbnail/290x/crop/!290x180,平面-字体设计,2238,5,15,https://www.zhisheji.com/uc_server/data/avatar/000/21/24/59_avatar_small.jpg?time=1484135593
Zzsen,「Assassin's Creed」刺客信条暗色调风格图,https://img.zhisheji.com/Fj184A5Fh18HC5fkoqCuYL7Uu0GW?imageMogr2/thumbnail/750x/crop/!750x469a0a0,三维/C4D,5140,17,70,https://www.zhisheji.com/uc_server/data/avatar/000/17/67/40_avatar_small.jpg?time=1589614176
纪良辰,丝路精灵形象升级和文创延展,https://img.zhisheji.com/FnijkFLuvvECkD3WEA82bC7CjkFT?imageMogr2/quality/100/sharpen/1/thumbnail/290x/crop/!290x180,平面-吉祥物,2635,11,28,https://www.zhisheji.com/uc_server/data/avatar/000/40/67/72_avatar_small.jpg?time=1596779470
X行骗艺术家,哥斯拉-怪兽之王,https://img.zhisheji.com/Fr1Bfyo2IHh_MmlEYGMsrIxza0yn?imageMogr2/thumbnail/750x/crop/!458x286a186a0,海报-其他,8289,35,105,https://www.zhisheji.com/uc_server/data/avatar/000/20/73/85_avatar_small.jpg?time=1482150428
问虎视觉,Capzo咖啡胶囊 X TigerVision,https://img.zhisheji.com/FsYC_5O34dpRO0q9828NSfIq0rpp?imageMogr2/thumbnail/750x/crop/!704x440a30a114,摄影-修图后期,8426,19,92,https://www.zhisheji.com/uc_server/data/avatar/000/08/15/93_avatar_small.jpg?time=1592362101
点奥文化,本村名物/金菇露 品牌包装设计合集,https://img.zhisheji.com/FnG838AAzHT9tT_NoBtmF6lmuDta?imageMogr2/thumbnail/750x/crop/!750x469a0a269,平面-包装设计,8492,18,83,https://www.zhisheji.com/uc_server/data/avatar/000/10/51/21_avatar_small.jpg?time=1565914391
冬兴,书法字体设计<75>,https://img.zhisheji.com/FgUdEOPZH3oh0PpWMnPKPjxf0WC8?imageMogr2/quality/100/sharpen/1/thumbnail/290x/crop/!290x180,平面-字体设计,1365,5,15,https://www.zhisheji.com/uc_server/data/avatar/000/43/35/64_avatar_small.jpg?time=1554809863
纪良辰,长安汽车——智在敢不同 熊五形象升级,https://img.zhisheji.com/FoCFMNzDxWQvBtwO0fJLj0XWeO5r?imageMogr2/quality/100/sharpen/1/thumbnail/290x/crop/!290x180,平面-吉祥物,2647,12,32,https://www.zhisheji.com/uc_server/data/avatar/000/40/67/72_avatar_small.jpg?time=1596779470
清墨,手写字体,https://img.zhisheji.com/FrA0TnOREkxMsZjR1T_O9cZtUIOD?imageMogr2/quality/100/sharpen/1/thumbnail/290x/crop/!290x180,平面-字体设计,2540,10,22,https://www.zhisheji.com/uc_server/data/avatar/000/26/25/86_avatar_small.jpg?time=1542335812
东方好礼,歌赋诗意 海上生明月,https://img.zhisheji.com/Fg396-g8a6QORwe476SVRu3_NfuV?imageMogr2/quality/100/sharpen/1/thumbnail/290x/crop/!290x180,平面-包装设计,4381,9,41,https://www.zhisheji.com/uc_server/data/avatar/000/24/78/76_avatar_small.jpg?time=1534838672
FOODOGRAPH,电商摄影 | jox筋膜枪 X foodography,https://img.zhisheji.com/FhZoHSMT6A7TKu1c0bk_kl9aXzT2?imageMogr2/quality/100/sharpen/1/thumbnail/290x/crop/!290x180,摄影-产品,8272,23,73,https://www.zhisheji.com/uc_server/data/avatar/000/35/42/06_avatar_small.jpg?time=1519972015
执乐,雀巢官方旗舰店 618年中大促 主视觉设计方案分享,https://img.zhisheji.com/FkGR1S6cYRI7GI6F7T2-x8z3rJUj?imageMogr2/quality/100/sharpen/1/thumbnail/290x/crop/!290x180,首页/专题-汇吃美食,10402,61,251,https://www.zhisheji.com/uc_server/data/avatar/000/38/43/92_avatar_small.jpg?time=1596691294
执乐,嘉宝X泡泡玛特 618活动页面 KV手绘分享,https://img.zhisheji.com/Fg9grZr-0_2dSC1T9ibKJ3IOUcFL?imageMogr2/quality/100/sharpen/1/thumbnail/290x/crop/!290x180,插画-商业插画,9086,37,184,https://www.zhisheji.com/uc_server/data/avatar/000/38/43/92_avatar_small.jpg?time=1596691294
FOODOGRAPH,病毒视频 | 不锈钢艺术橱柜 法迪奥,https://img.zhisheji.com/liaE7m-_q249WqaodGu7EsZBTJP-?imageMogr2/thumbnail/750x/crop/!541x338a102a44,摄影-其他,9079,28,177,https://www.zhisheji.com/uc_server/data/avatar/000/35/42/06_avatar_small.jpg?time=1519972015
九边行,南山倍慧奶粉详情页优化设计,https://img.zhisheji.com/Fj9iqr83ey-Re4G8-Jio16tE_JMk?imageMogr2/quality/100/sharpen/1/thumbnail/290x/crop/!290x180,详情页-母婴用品,9369,22,144,https://www.zhisheji.com/uc_server/data/avatar/000/49/65/48_avatar_small.jpg?time=1574411040
森焱视觉广告,萌趣小年农场X森焱视觉,https://img.zhisheji.com/FndHZ2iXh1q4-SzROn3BS7lY1Lky?imageMogr2/quality/100/sharpen/1/thumbnail/290x/crop/!290x180,摄影-产品,3871,11,37,https://www.zhisheji.com/uc_server/data/avatar/000/54/55/19_avatar_small.jpg?time=1591087366
点奥文化,阅农品牌产品包装设计,https://img.zhisheji.com/FkyP1FqgsK3EHqr0izdKkwhQ3wH7?imageMogr2/thumbnail/750x/crop/!728x455a21a5,平面-包装设计,8326,17,71,https://www.zhisheji.com/uc_server/data/avatar/000/10/51/21_avatar_small.jpg?time=1565914391
王小鱼-WXY,老北京美食系列IP——小碗干炸,https://img.zhisheji.com/FrBDIgxN9wxCzZkEKE2qattQQZ05?imageMogr2/quality/100/sharpen/1/thumbnail/290x/crop/!290x180,平面-吉祥物,4100,8,35,https://www.zhisheji.com/uc_server/data/avatar/000/51/86/01_avatar_small.jpg?time=1592199152
田螺煎鸡蛋,清灵子/神灵类IP,https://img.zhisheji.com/FnTTN7LfGYygqU-c49Ebjw58TSJd?imageMogr2/thumbnail/750x/crop/!707x442a26a0,平面-吉祥物,4017,15,43,https://www.zhisheji.com/uc_server/data/avatar/000/54/70/81_avatar_small.jpg?time=1591601127
杰克sean,【洽洽食品】葵花节活动视觉策划分享,https://img.zhisheji.com/Fgh1s7-h1p09ln2r5gULJNm_vcW3?imageMogr2/quality/100/sharpen/1/thumbnail/290x/crop/!290x180,详情页-汇吃美食,8771,28,144,https://www.zhisheji.com/uc_server/data/avatar/000/02/53/55_avatar_small.jpg?time=1543568476
赵知非,《文艺复兴之旅》—— 字节跳动logo创意插画,https://img.zhisheji.com/Flm7m6KepSHF4a3pFr8WrRu_Pgv0?imageMogr2/quality/100/sharpen/1/thumbnail/290x/crop/!290x180,插画-商业插画,4829,12,70,https://www.zhisheji.com/uc_server/data/avatar/000/17/83/51_avatar_small.jpg?time=1494572009
刘德良,【慵懒的挑战】字体设计的不同与同,https://img.zhisheji.com/FimDC-NhyfwsdsakYpiImIinvC4o?imageMogr2/quality/100/sharpen/1/thumbnail/290x/crop/!290x180,平面-字体设计,3730,13,28,https://www.zhisheji.com/uc_server/data/avatar/000/22/67/18_avatar_small.jpg?time=1565575093
糖果雨,二零年八月手写字体,https://img.zhisheji.com/FhLe5hVZhYIZZfzpBTnZ3hcy8-dA?imageMogr2/quality/100/sharpen/1/thumbnail/290x/crop/!290x180,平面-字体设计,2023,5,23,https://www.zhisheji.com/uc_server/data/avatar/000/36/24/78_avatar_small.jpg?time=1523520564
Moz Design,会绘课堂 品牌形象设计,https://img.zhisheji.com/Fp-iauFt0FUwiM6k8jE7TFzXIePF?imageMogr2/quality/100/sharpen/1/thumbnail/290x/crop/!290x180,平面-品牌,2195,6,14,https://www.zhisheji.com/uc_server/data/avatar/000/44/44/84_avatar_small.jpg?time=1593154917
LeonWong,两款洗护详情页设计,https://img.zhisheji.com/FgNJrlatTXCvJr0mbQvwJDHnpksc?imageMogr2/thumbnail/750x/crop/!750x469a0a598,详情页-护肤彩妆,10806,28,114,https://www.zhisheji.com/uc_server/data/avatar/000/07/46/76_avatar_small.jpg?time=1576225224
腾讯PPDesign,WeGame-CJ开发者沙龙主视觉插画设计,https://img.zhisheji.com/FoMpLYK_7D0dBONLE0Ryl6n74e7Y?imageMogr2/quality/100/sharpen/1/thumbnail/290x/crop/!290x180,插画-商业插画,6172,23,61,https://www.zhisheji.com/uc_server/data/avatar/001/00/11/02_avatar_small.jpg?time=1596529315
追光者工作室,浩瀚星空｜食材的平行宇宙,https://img.zhisheji.com/Fme4wMjpnAraDUVGOWtkGwT9rSHj?imageMogr2/quality/100/sharpen/1/thumbnail/290x/crop/!290x180,摄影-静物,5073,16,59,https://www.zhisheji.com/uc_server/data/avatar/000/52/59/62_avatar_small.jpg?time=1584063692
任星星,详情页设计,https://img.zhisheji.com/Ft1_cRCEMNlYK-O-kytfA8h0k2BX?imageMogr2/quality/100/sharpen/1/thumbnail/290x/crop/!290x180,详情页-家装建材,10882,32,247,https://www.zhisheji.com/uc_server/data/avatar/000/35/40/19_avatar_small.jpg?time=1586491482
WISEMIND,WISEMIND+和平精英+PUBGM,https://img.zhisheji.com/FictFxTsjWgujNBT8ntE985xeAtk?imageMogr2/quality/100/sharpen/1/thumbnail/290x/crop/!290x180,平面-海报,5310,11,60,https://www.zhisheji.com/uc_server/data/avatar/000/38/00/85_avatar_small.jpg?time=1545211594
这是桔子,飞鹤618活动首页+超级品牌日视觉作品分享,https://img.zhisheji.com/FuXjPBkOliJnnsxXkvxqFnnwHcx5?imageMogr2/quality/100/sharpen/1/thumbnail/290x/crop/!290x180,首页/专题-母婴用品,9690,36,184,https://www.zhisheji.com/uc_server/data/avatar/000/46/09/27_avatar_small.jpg?time=1569660452
Kiki李可乐,近的一些商图和练习,https://img.zhisheji.com/lln6n6WkS_TO1O-dqXOsp6Ous2DH?imageMogr2/thumbnail/750x/crop/!675x422a0a0,插画-商业插画,6623,18,88,https://www.zhisheji.com/uc_server/data/avatar/000/38/67/76_avatar_small.jpg?time=1596438414
Lexkon Liu,404 RAPPER《炬》专辑设计 - Lexkon_Liu,https://img.zhisheji.com/FjqFUh9bshkjkhxtQvqN9wUWPjkt?imageMogr2/quality/100/sharpen/1/thumbnail/290x/crop/!290x180,插画-商业插画,2487,17,22,https://www.zhisheji.com/uc_server/data/avatar/000/43/68/17_avatar_small.jpg?time=1581056395
松鼠视觉传媒,Mpets品牌全案视觉升级规范,https://img.zhisheji.com/FmCMEMPNtLk7l8XtylsZPUhz9cF4?imageMogr2/quality/100/sharpen/1/thumbnail/290x/crop/!290x180,首页/专题-其他,8413,14,51,https://www.zhisheji.com/uc_server/data/avatar/000/00/78/15_avatar_small.jpg?time=1464663636
问虎视觉,吸奶器三合一之3 X TigerVision,https://img.zhisheji.com/ljCzf6HoNmZQAnPUeky7d8NxFxkC?imageMogr2/thumbnail/750x/crop/!602x376a50a95,摄影-修图后期,6976,12,42,https://www.zhisheji.com/uc_server/data/avatar/000/08/15/93_avatar_small.jpg?time=1592362101
中二的小黄鸭,刻骨明朝体,https://img.zhisheji.com/FuCRyo_hADZsQLxdMcH4pVAsovDZ?imageMogr2/thumbnail/750x/crop/!750x469a0a58,平面-字体设计,2042,6,25,https://www.zhisheji.com/uc_server/data/avatar/000/50/97/26_avatar_small.jpg?time=1575872892
此刻无实物,这是我的第164次出走,https://img.zhisheji.com/Fm0ezSEY2rw-zjSXwHFX3Ipp73ml?imageslim/imageMogr2/quality/100/sharpen/1/thumbnail/290x/crop/!290x180,动漫-中/长篇漫画,6642,19,113,https://www.zhisheji.com/uc_server/data/avatar/000/53/85/03_avatar_small.jpg?time=1588382988
谢小董,详情页X3,https://img.zhisheji.com/FsU-FzDQD_AfhBrxCfg4aPt9kf6M?imageslim/imageMogr2/quality/100/sharpen/1/thumbnail/290x/crop/!290x180,详情页-家电办公,10651,31,91,https://www.zhisheji.com/uc_server/data/avatar/000/15/50/22_avatar_small.jpg?time=1527054617
返朴歸真,書法字记,https://img.zhisheji.com/FgRA293b-Jr4z-3m5cPzDg6_O2C2?imageMogr2/quality/100/sharpen/1/thumbnail/290x/crop/!290x180,平面-字体设计,3431,7,26,https://www.zhisheji.com/uc_server/data/avatar/000/39/49/23_avatar_small.jpg?time=1557388224
妒忌风,GENTILE 洁缇雅 棉柔洗脸巾 包装 LOGO 及详情设,https://img.zhisheji.com/FszoqnLQDYz0CzboqKVREV2skg7q?imageMogr2/thumbnail/750x/crop/!750x469a0a998,详情页-护肤彩妆,7190,9,31,https://www.zhisheji.com/uc_server/data/avatar/000/54/82/40_avatar_small.jpg?time=1592041104
娜家视觉,美妆摄影｜颐莲护肤品场景图拍摄和精修 X NA VISION,https://img.zhisheji.com/Fsow4foto7YBbYsfH3h-d_QWNdZa?imageslim/imageMogr2/quality/100/sharpen/1/thumbnail/290x/crop/!290x180,摄影-产品,8120,7,48,https://www.zhisheji.com/uc_server/data/avatar/000/43/38/05_avatar_small.jpg?time=1554888848
妙典,妙典手写书法字体,https://img.zhisheji.com/Fuvr7FuAifK4prqijDs9OmIBxzlW?imageMogr2/thumbnail/750x/crop/!414x259a166a95,平面-字体设计,3381,10,32,https://www.zhisheji.com/uc_server/data/avatar/000/20/78/95_avatar_small.jpg?time=1482302644
贰喜哥,MOMO·陌磨｜品牌设计,https://img.zhisheji.com/FolkWHV7BdOhsJzwRzfP97rtS3lw?imageslim/imageMogr2/quality/100/sharpen/1/thumbnail/290x/crop/!290x180,平面-品牌,6840,14,72,https://www.zhisheji.com/uc_server/data/avatar/000/40/06/54_avatar_small.jpg?time=1547702185
文勤wenqin,企查查/我闪我躲我查/创意人物广告摄影,https://img.zhisheji.com/lpm7gyJsPsRAtlbv6c1M8NVG4RC9?imageMogr2/thumbnail/750x/crop/!722x451a0a0,摄影-人像,8749,36,103,https://www.zhisheji.com/uc_server/data/avatar/000/42/21/68_avatar_small.jpg?time=1572695628
LAFATA,柄式TWS耳机Mpow X3,https://img.zhisheji.com/lgUB7cFUQzVfkgFHMf1lTya13CBG?imageMogr2/thumbnail/750x/crop/!675x422a41a0,三维/C4D,8639,20,88,https://www.zhisheji.com/uc_server/data/avatar/000/54/44/24_avatar_small.jpg?time=1590661248
白鸽Bygoo,手写字体│2020第13发,https://img.zhisheji.com/Fv6rgvMAQ3tOs3pigrZdXBlxMTyO?imageMogr2/thumbnail/750x/crop/!750x469a0a15,平面-字体设计,4933,16,39,https://www.zhisheji.com/uc_server/data/avatar/000/36/14/41_avatar_small.jpg?time=1592493830
小光頭,我的梦世界,https://img.zhisheji.com/FlErIpm1JhhJ5oVDoZ_ytMAdZ6LL?imageMogr2/thumbnail/750x/crop/!586x366a86a0,插画-商业插画,4843,18,97,https://www.zhisheji.com/uc_server/data/avatar/000/47/73/38_avatar_small.jpg?time=1576479575
丿Remember,半日闲xRemember 丨人间有味是清欢,https://img.zhisheji.com/FlGSKolazz6Hl3BGdGbfkVAxbTkb?imageslim/imageMogr2/quality/100/sharpen/1/thumbnail/290x/crop/!290x180,平面-品牌,5889,20,58,https://www.zhisheji.com/uc_server/data/avatar/000/49/15/25_avatar_small.jpg?time=1574222489
RDD,2020年团队上半年作品,https://img.zhisheji.com/FifwsVhjv5bcRbpA_DVBE8I4CKuD?imageslim/imageMogr2/quality/100/sharpen/1/thumbnail/290x/crop/!290x180,UI-APP,7209,17,59,https://www.zhisheji.com/uc_server/data/avatar/000/42/38/99_avatar_small.jpg?time=1551084316
问虎视觉,净水器 X TigerVision,https://img.zhisheji.com/lnH9l4Rqza5Ot3PwXIrB7Nl29eoa?imageMogr2/thumbnail/750x/crop/!485x303a84a0,摄影-修图后期,9938,18,79,https://www.zhisheji.com/uc_server/data/avatar/000/08/15/93_avatar_small.jpg?time=1592362101
Jcookie,Sureeco # 素壳家居提案 × 2,https://img.zhisheji.com/FmjO1teRM1CM34O9J7RqVIoIHu2k?imageMogr2/thumbnail/750x/crop/!750x469a0a825,网页-企业官网,5162,9,34,https://www.zhisheji.com/uc_server/data/avatar/000/44/49/86_avatar_small.jpg?time=1596765011
张家佳,新字发布-公益字库设计免费商用,https://img.zhisheji.com/FmimZg5jwqddnKWh0KM0qzS5Z2c0?imageslim/imageMogr2/quality/100/sharpen/1/thumbnail/290x/crop/!290x180,平面-字体设计,9558,53,279,https://www.zhisheji.com/uc_server/data/avatar/001/00/01/01_avatar_small.jpg?time=1596078944
九边行,小王子ip款口罩详情页设计,https://img.zhisheji.com/FtmoWjwkDB9vCpTBhG8CgmJTS1hA?imageslim/imageMogr2/quality/100/sharpen/1/thumbnail/290x/crop/!290x180,详情页-百货市场,10526,26,139,https://www.zhisheji.com/uc_server/data/avatar/000/49/65/48_avatar_small.jpg?time=1574411040
大强_Persist,鹤君家茶x品牌设计,https://img.zhisheji.com/Fgeh6PEglfT7vktOa7np0B984Rku?imageMogr2/thumbnail/750x/crop/!627x392a56a0,平面-品牌,8463,13,94,https://www.zhisheji.com/uc_server/data/avatar/000/43/58/66_avatar_small.jpg?time=1555903077
青火chenxiao,浙一味品牌全案设计分享,https://img.zhisheji.com/loAtVnbI3t8r4eZYoWB3tCcTFLtk?imageMogr2/thumbnail/750x/crop/!352x220a201a55,首页/专题-汇吃美食,9428,27,101,https://www.zhisheji.com/uc_server/data/avatar/000/12/26/27_avatar_small.jpg?time=1550130564
问虎视觉,理发剪 X TigerVision,https://img.zhisheji.com/Fp-gx7t9w_a_HcfvLiBdwJjgLRx8?imageMogr2/quality/100/sharpen/1/thumbnail/290x/crop/!290x180,摄影-修图后期,8359,14,47,https://www.zhisheji.com/uc_server/data/avatar/000/08/15/93_avatar_small.jpg?time=1592362101
大仁,原创漫画《人类的朋友》,https://img.zhisheji.com/FoGE7pbE89LfRgdEH24J6hJoJPtL?imageMogr2/thumbnail/750x/crop/!720x450a20a0,动漫-短篇/四格漫画,5661,20,36,https://www.zhisheji.com/uc_server/data/avatar/000/52/57/63_avatar_small.jpg?time=1583718783
当下视觉摄影,云端漫步 | CUCCOO 运动鞋--轻到飞起来,https://img.zhisheji.com/FlPyUBAtnJmdBqn3gSEFfe4Wz1VA?imageMogr2/quality/100/sharpen/1/thumbnail/290x/crop/!290x180,摄影-产品,8390,23,67,https://www.zhisheji.com/uc_server/data/avatar/000/39/60/63_avatar_small.jpg?time=1546052327
小狼君Langcer,【津门神兽·天津卫酒】白酒包装,https://img.zhisheji.com/FvmxyivowfUy4Nwh7oCr979-acu_?imageMogr2/quality/100/sharpen/1/thumbnail/290x/crop/!290x180,平面-包装设计,4721,15,36,https://www.zhisheji.com/uc_server/data/avatar/000/54/45/20_avatar_small.jpg?time=1590663599
点奥文化,善巢品牌包装设计,https://img.zhisheji.com/FiVZqnIkS2_LrotNT_IYtZDy-s0y?imageMogr2/thumbnail/750x/crop/!691x432a32a111,平面-包装设计,9996,29,139,https://www.zhisheji.com/uc_server/data/avatar/000/10/51/21_avatar_small.jpg?time=1565914391
一粒fafa,请拥抱我的甜蜜，在我的倔强之上,https://img.zhisheji.com/lgzyYMT_cTGPm88_NMeOuQF5U4aI?imageMogr2/thumbnail/750x/crop/!750x469a0a195,插画-插画习作,5808,23,86,https://www.zhisheji.com/uc_server/data/avatar/000/46/24/19_avatar_small.jpg?time=1595135329
山海鲸,花西子详情设计,https://img.zhisheji.com/FleyUjjaPcDR44xHLLUYNxkTpr20?imageMogr2/quality/100/sharpen/1/thumbnail/290x/crop/!290x180,钻展/主图-护肤彩妆,13526,49,264,https://www.zhisheji.com/uc_server/data/avatar/000/40/34/79_avatar_small.jpg?time=1542964854
WISEMIND,WISEMIND - 京东618攻略创作营,https://img.zhisheji.com/FhViVX-Fi-eAM0yGf-3xucaoZe9-?imageMogr2/quality/100/sharpen/1/thumbnail/290x/crop/!290x180,插画-商业插画,8388,20,86,https://www.zhisheji.com/uc_server/data/avatar/000/38/00/85_avatar_small.jpg?time=1545211594
冬兴,书法字体设计<74>,https://img.zhisheji.com/FisJCHOtnPZQwAEA4UWyDqrsE8F5?imageMogr2/quality/100/sharpen/1/thumbnail/290x/crop/!290x180,平面-字体设计,3806,7,21,https://www.zhisheji.com/uc_server/data/avatar/000/43/35/64_avatar_small.jpg?time=1554809863
明飞,brand WebsiteX3,https://img.zhisheji.com/Fr6pAxXM2w_2qm1-tJZgdiqNfWd_?imageMogr2/quality/100/sharpen/1/thumbnail/290x/crop/!290x180,网页-企业官网,8073,17,84,https://www.zhisheji.com/uc_server/data/avatar/000/11/52/92_avatar_small.jpg?time=1486888357
Schenk,苹什么：花雨小兔&浪漫樱花系列手机壳,https://img.zhisheji.com/FudMtJQxvCpZUAVWGdatDJh4svZh?imageMogr2/thumbnail/750x/crop/!635x397a80a19,三维/C4D,9610,35,112,https://www.zhisheji.com/uc_server/data/avatar/000/39/06/90_avatar_small.jpg?time=1595381600
色环,旭箭卫浴新视觉品牌案列分享-嘿马视觉,https://img.zhisheji.com/FlwYoRVLNt6CaV5ERu3Bg9jSGdVu?imageMogr2/quality/100/sharpen/1/thumbnail/290x/crop/!290x180,首页/专题-其他,8542,17,62,https://www.zhisheji.com/uc_server/data/avatar/000/05/60/10_avatar_small.jpg?time=1419996823
潜云设计团队,【飞鹤】618活动首页+超级品牌日视觉策划作品分享,https://img.zhisheji.com/lpvcrMRoDXjukHHyMLTFb-pztIfR?imageMogr2/thumbnail/750x/crop/!686x429a26a1875,首页/专题-母婴用品,9432,31,151,https://www.zhisheji.com/uc_server/data/avatar/000/01/49/11_avatar_small.jpg?time=1540896852
胡晓波设计,Tasty1996泰式餐厅品牌升级,https://img.zhisheji.com/lhgtMYeBwuhel-TmTwYCxia2A7Ef?imageMogr2/thumbnail/750x/crop/!720x450a18a0,平面-品牌,5021,12,34,https://www.zhisheji.com/uc_server/data/avatar/000/46/63/13_avatar_small.jpg?time=1567143332
返朴歸真,書法字记,https://img.zhisheji.com/FihSLNTWP2qu-2fLtPw_dhNzTjAE?imageMogr2/quality/100/sharpen/1/thumbnail/290x/crop/!290x180,平面-字体设计,3249,13,31,https://www.zhisheji.com/uc_server/data/avatar/000/39/49/23_avatar_small.jpg?time=1557388224
头条君,他的作品怎么每次都上榜单啊？,https://img.zhisheji.com/FkTtGWpPRvSufc0oCaqp84PsCtcY?imageMogr2/quality/100/sharpen/1/thumbnail/290x/crop/!290x180,文章/经验,8702,6,29,https://www.zhisheji.com/uc_server/data/avatar/000/09/50/09_avatar_small.jpg?time=1478140334
Rookie/菜鸟,品牌视觉策划分享X2,https://img.zhisheji.com/FsgyJ-HQwU5_VE2mWuO6PfrfZtIz?imageMogr2/quality/100/sharpen/1/thumbnail/290x/crop/!290x180,详情页-护肤彩妆,10698,81,144,https://www.zhisheji.com/uc_server/data/avatar/000/14/28/40_avatar_small.jpg?time=1531708144
问虎视觉,三合一之1 X TigerVision,https://img.zhisheji.com/lrBd7lR721MjB-VMnq3CjMPoj0rv?imageMogr2/thumbnail/750x/crop/!704x440a46a255,摄影-修图后期,9900,63,84,https://www.zhisheji.com/uc_server/data/avatar/000/08/15/93_avatar_small.jpg?time=1592362101
FOODOGRAPH,你的tony老师上线了 | 直白 X 李东田 | 食摄集,https://img.zhisheji.com/Fr8msqijW6JW2FE7RVmV4MHlUmxO?imageMogr2/quality/100/sharpen/1/thumbnail/290x/crop/!290x180,摄影-产品,8914,16,95,https://www.zhisheji.com/uc_server/data/avatar/000/35/42/06_avatar_small.jpg?time=1519972015
小灿设计,品牌设计合集,https://img.zhisheji.com/FqT0DWGnrxg9RMRWbc5C4ecUYTvg?imageMogr2/quality/100/sharpen/1/thumbnail/290x/crop/!290x180,平面-品牌,6126,14,55,https://www.zhisheji.com/uc_server/data/avatar/000/53/33/75_avatar_small.jpg?time=1588074883
TEN'ONE,电商详情页x3,https://img.zhisheji.com/Fg7_chSQ5k2zEtvNua721Snvgu8Z?imageMogr2/quality/100/sharpen/1/thumbnail/290x/crop/!290x180,详情页-其他,10697,36,140,https://www.zhisheji.com/uc_server/data/avatar/000/26/46/49_avatar_small.jpg?time=1595407576
广隶x,天猫精灵 机器智能 AIoT新生活,https://img.zhisheji.com/Fk2lMpw7ZDKmJqPmMKY5lCaCx46c?imageMogr2/quality/100/sharpen/1/thumbnail/290x/crop/!290x180,三维/C4D,8935,22,132,https://www.zhisheji.com/uc_server/data/avatar/000/23/97/12_avatar_small.jpg?time=1551756171
梅红提爱克斯,梅红C4D 每日图形设计 (二十四）,https://img.zhisheji.com/lh1Kj5xfrsfnBmK0uWtPifQkzZ33?imageMogr2/thumbnail/750x/crop/!625x391a64a1733,三维/C4D,7280,10,39,https://www.zhisheji.com/uc_server/data/avatar/000/40/62/84_avatar_small.jpg?time=1543843902
贤辈,手机电商-Banner中的空间陈列法,https://img.zhisheji.com/FpleUeh8gBol9VWX3eEAcZ-B55cS?imageMogr2/quality/100/sharpen/1/thumbnail/290x/crop/!290x180,文章/经验,9266,6,73,https://www.zhisheji.com/uc_server/data/avatar/000/52/57/82_avatar_small.jpg?time=1594345518
白鸽Bygoo,手写字体│2020第12发,https://img.zhisheji.com/Fj8Xr7qfcEwrus_7M8txZsZQkG4R?imageMogr2/thumbnail/750x/crop/!680x425a28a462,平面-字体设计,4334,18,38,https://www.zhisheji.com/uc_server/data/avatar/000/36/14/41_avatar_small.jpg?time=1592493830
小飞虫,《望故》,https://img.zhisheji.com/FlRMvLGuruyMNXQBDgFEfSyim0od?imageMogr2/quality/100/sharpen/1/thumbnail/290x/crop/!290x180,三维/C4D,8967,44,214,https://www.zhisheji.com/uc_server/data/avatar/000/48/54/01_avatar_small.jpg?time=1595475924
ZJMX,KittyAnnie小猫安妮脱毛仪2代TVC,https://img.zhisheji.com/Fns5J41eqxY41idYL_MvrjxrOAkq?imageMogr2/quality/100/sharpen/1/thumbnail/290x/crop/!290x180,首页/专题-护肤彩妆,7943,10,32,https://www.zhisheji.com/uc_server/data/avatar/000/43/81/61_avatar_small.jpg?time=1556778847
茄子电商设计,母婴品牌详情视觉升级 学饮杯视觉解析,https://img.zhisheji.com/FiNigAEYNJ45jIypgpSh6RVkPLho?imageMogr2/quality/100/sharpen/1/thumbnail/290x/crop/!290x180,详情页-母婴用品,8899,29,82,https://www.zhisheji.com/uc_server/data/avatar/000/01/76/71_avatar_small.jpg?time=1545370179
WLKQ +U!,Information collection,https://img.zhisheji.com/FgV2QfTGrU9qUIrzzDTJWpM361Xi?imageMogr2/quality/100/sharpen/1/thumbnail/290x/crop/!290x180,详情页-手机数码,8953,26,92,https://www.zhisheji.com/uc_server/data/avatar/000/39/13/54_avatar_small.jpg?time=1595668193
FOODOGRAPH,是家电 也是艺术品 | 橙厨 X foodography,https://img.zhisheji.com/FqBOHd9dJlP6OIvkv8NAwo46I1xy?imageMogr2/quality/100/sharpen/1/thumbnail/290x/crop/!290x180,摄影-产品,10528,36,133,https://www.zhisheji.com/uc_server/data/avatar/000/35/42/06_avatar_small.jpg?time=1519972015
2-Brand,字体设计X散集,https://img.zhisheji.com/FipNJVM2M2YqVxnMGBReWek0czzX?imageMogr2/quality/100/sharpen/1/thumbnail/290x/crop/!290x180,平面-字体设计,4886,20,53,https://www.zhisheji.com/uc_server/data/avatar/000/49/58/76_avatar_small.jpg?time=1595400679
Logan-X,多场景兼容快充产品广告片,https://img.zhisheji.com/FiFJcgHCH5erMRceXvb3rZH4OJKM?imageMogr2/thumbnail/750x/crop/!466x291a33a539,三维/C4D,8097,18,68,https://www.zhisheji.com/uc_server/data/avatar/000/42/61/52_avatar_small.jpg?time=1595169976
葱小闷,牛年双侠,https://img.zhisheji.com/ls31uaiop1K-A1K15a_g7BXjXnHK?imageMogr2/thumbnail/750x/crop/!734x459a0a13,插画-插画习作,6362,19,56,https://www.zhisheji.com/uc_server/data/avatar/000/52/43/60_avatar_small.jpg?time=1594353192
韩笑,手持风扇视觉提案/车载支架分享 x3,https://img.zhisheji.com/Fl0KUsFmIvfrJul4nfhncnNPFOey?imageMogr2/thumbnail/750x/crop/!506x316a118a357,详情页-家电办公,11414,23,94,https://www.zhisheji.com/uc_server/data/avatar/000/00/51/77_avatar_small.jpg?time=1539743972
慵懒的大川,每日优鲜华北大区运营设计合集 | 大促 | 专题 | 组件库,https://img.zhisheji.com/FiiPeeMc0-ofVjzU8nnvRYvYkqn5?imageMogr2/thumbnail/750x/crop/!750x469a0a8,网页-专题/活动,7992,30,100,https://www.zhisheji.com/uc_server/data/avatar/000/02/19/82_avatar_small.jpg?time=1597827581
碗里菌,详情页x3,https://img.zhisheji.com/FsTskFppcJFlRnr4Wu-T40PakmTf?imageMogr2/quality/100/sharpen/1/thumbnail/290x/crop/!290x180,详情页-手机数码,11597,44,136,https://www.zhisheji.com/uc_server/data/avatar/000/37/95/64_avatar_small.jpg?time=1532932036
秉晟聚创,吧吧香酱鸭舌详情视觉策划作品分享 #秉晟聚创#,https://img.zhisheji.com/FrznZhkK2fBRazSg473LlkBxY4Ji?imageMogr2/thumbnail/750x/crop/!543x339a71a8,详情页-汇吃美食,9642,46,162,https://www.zhisheji.com/uc_server/data/avatar/000/55/53/27_avatar_small.jpg?time=1595299069
彩色的黑是吗,排版——练,https://img.zhisheji.com/FkA6w0YnzsOyzuUIL9U0mL63Q5LO?imageMogr2/thumbnail/750x/crop/!696x435a18a0,网页-其他,9129,29,123,https://www.zhisheji.com/uc_server/data/avatar/000/45/53/82_avatar_small.jpg?time=1592895439
猫十九,typeface标准字设计O3,https://img.zhisheji.com/FsUw4hNgh8erHZfX4ezWwGhnP7ez?imageMogr2/quality/100/sharpen/1/thumbnail/290x/crop/!290x180,平面-字体设计,6797,8,46,https://www.zhisheji.com/uc_server/data/avatar/000/54/96/52_avatar_small.jpg?time=1592664070
Dison_chen,Tineco添可吸尘器海外官网设计,https://img.zhisheji.com/Fm_RPU50sQiHppZiVou9Vd3f_Gbf?imageMogr2/quality/100/sharpen/1/thumbnail/290x/crop/!290x180,网页-企业官网,8020,12,46,https://www.zhisheji.com/uc_server/data/avatar/000/37/93/64_avatar_small.jpg?time=1563326699
Balara杨洋洋,酷盖猫爪牛,https://img.zhisheji.com/Fu6vQ51dCxX1nvA_2UtS_IdJsWdJ?imageMogr2/quality/100/sharpen/1/thumbnail/290x/crop/!290x180,插画-商业插画,4788,8,37,https://www.zhisheji.com/uc_server/data/avatar/000/47/35/13_avatar_small.jpg?time=1594117328
阿岚不吃鹅,Fashionable,https://img.zhisheji.com/Fg4iTbC2XX5ua80Mq_8n-baNu37P?imageMogr2/thumbnail/750x/crop/!750x469a0a47,三维/C4D,6248,10,66,https://www.zhisheji.com/uc_server/data/avatar/000/55/51/84_avatar_small.jpg?time=1595230681
伊月eyue,奶爸来了43----惨烈的面试一个接一个,https://img.zhisheji.com/FpYXgtqB7LlYhXBSh-SHXi8AxAnr?imageMogr2/thumbnail/750x/crop/!750x469a0a2099,动漫-中/长篇漫画,8106,24,86,https://www.zhisheji.com/uc_server/data/avatar/000/24/75/60_avatar_small.jpg?time=1464663636
返朴歸真,書法字记,https://img.zhisheji.com/FmvVWEUD04QlavzngzpUCdOkFmn_?imageMogr2/quality/100/sharpen/1/thumbnail/290x/crop/!290x180,平面-字体设计,6308,16,30,https://www.zhisheji.com/uc_server/data/avatar/000/39/49/23_avatar_small.jpg?time=1557388224
头条君,夏日炎炎，没有这个玩意儿，心都慌了！,https://img.zhisheji.com/FkCHZowNs5-LF4lSxSIwYCwg1-Nt?imageMogr2/quality/100/sharpen/1/thumbnail/290x/crop/!290x180,文章/经验,6752,1,23,https://www.zhisheji.com/uc_server/data/avatar/000/09/50/09_avatar_small.jpg?time=1478140334
胡晓波设计,Natural然巧品牌包装设计,https://img.zhisheji.com/FvXd44ylPeI2AaOFavWpjVKgahrN?imageMogr2/quality/100/sharpen/1/thumbnail/290x/crop/!290x180,平面-包装设计,8982,12,65,https://www.zhisheji.com/uc_server/data/avatar/000/46/63/13_avatar_small.jpg?time=1567143332
关倩,RONGSHAN容山×关倩 | 纳百川，有容山,https://img.zhisheji.com/Fg7HZlu5ZdhJS3qwGlLHW_1eHUQl?imageMogr2/quality/100/sharpen/1/thumbnail/290x/crop/!290x180,平面-品牌,7116,30,119,https://www.zhisheji.com/uc_server/data/avatar/000/55/43/62_avatar_small.jpg?time=1594837870
当下视觉摄影,新派茶饮摄影 | FOOOOOOK TEA,https://img.zhisheji.com/Fh9nxqCU3heZ4ymKEtIB2yyOp-1x?imageMogr2/quality/100/sharpen/1/thumbnail/290x/crop/!290x180,摄影-产品,8811,14,81,https://www.zhisheji.com/uc_server/data/avatar/000/39/60/63_avatar_small.jpg?time=1546052327
奈斯萌主,键盘-建模-详情,https://img.zhisheji.com/Fk3PL0k4R6D2HhG9lO9HgozuEDrB?imageMogr2/thumbnail/750x/crop/!750x469a0a0,详情页-手机数码,12682,40,277,https://www.zhisheji.com/uc_server/data/avatar/000/13/34/23_avatar_small.jpg?time=1595167667
Winny,ARROW箭牌卫浴618大促插画页面设计,https://img.zhisheji.com/FsLI5aehZiKYkC8xIRvH8LztdRDr?imageMogr2/thumbnail/750x/crop/!750x469a0a36,首页/专题-家装建材,9401,17,113,https://www.zhisheji.com/uc_server/data/avatar/000/52/53/00_avatar_small.jpg?time=1591408290
刘永,一些详情商业稿,https://img.zhisheji.com/lk7IXW3f_PpOaJO25Td_LXVpREb_?imageMogr2/thumbnail/750x/crop/!730x456a9a61,详情页-家电办公,8933,19,77,https://www.zhisheji.com/uc_server/data/avatar/000/00/53/76_avatar_small.jpg?time=1464663636
serun,讲数,https://img.zhisheji.com/lhWRqe_jt2NTOlUIywNbl-YiyhES?imageMogr2/thumbnail/750x/crop/!608x380a7a0,插画-其他,4370,14,33,https://www.zhisheji.com/uc_server/data/avatar/000/42/81/80_avatar_small.jpg?time=1593226785
Logan-X,绿联·Hitune系列耳机外观视频,https://img.zhisheji.com/Fl3I1cU0-GKO0pcvKfnrZ_Apl2lu?imageMogr2/thumbnail/750x/crop/!542x339a102a474,三维/C4D,9045,14,107,https://www.zhisheji.com/uc_server/data/avatar/000/42/61/52_avatar_small.jpg?time=1595169976
刘千禧,37.2℃星球 丨一切温度的开始，都源自于你,https://img.zhisheji.com/FmLGsu0PqVCD0UArV3Y09KRJ2r-Z?imageMogr2/quality/100/sharpen/1/thumbnail/290x/crop/!290x180,UI-APP,7896,15,26,https://www.zhisheji.com/uc_server/data/avatar/000/45/60/71_avatar_small.jpg?time=1592302379
俊慧哦！,怡生（24节气中药材养生）,https://img.zhisheji.com/FkHiReGOPme6_gR02YcxDVLzrig_?imageMogr2/quality/100/sharpen/1/thumbnail/290x/crop/!290x180,插画-插画习作,7515,15,68,https://www.zhisheji.com/uc_server/images/noavatar_small.gif
简木摄影,女士内衣 蕉内风格 | 人像摄影 内裤袜子秋衣 电商商业拍摄,https://img.zhisheji.com/FrxS_Z3QfY6ocqmCvX3URpgM488_?imageMogr2/thumbnail/750x/crop/!750x469a0a0,摄影-人像,10606,28,61,https://www.zhisheji.com/uc_server/data/avatar/000/35/29/73_avatar_small.jpg?time=1537412277
菲林艾吉FILMAG,安娜梦斯 x FILMAGE,https://img.zhisheji.com/FrfIHS-hG7MQdhfY6KjCtFM1OSQh?imageMogr2/quality/100/sharpen/1/thumbnail/290x/crop/!290x180,摄影-时尚,8431,19,53,https://www.zhisheji.com/uc_server/data/avatar/000/46/16/28_avatar_small.jpg?time=1585654033
胡晓波设计,SWETAILL果酒视觉包装设计,https://img.zhisheji.com/FoKcfHAHfFeKg0AhVOn2Xl2-8HrQ?imageMogr2/quality/100/sharpen/1/thumbnail/290x/crop/!290x180,平面-包装设计,9858,26,165,https://www.zhisheji.com/uc_server/data/avatar/000/46/63/13_avatar_small.jpg?time=1567143332
小光頭,国风合集,https://img.zhisheji.com/Fg3VUdI3IUFo-WMKsc_KZJfHApDM?imageMogr2/quality/100/sharpen/1/thumbnail/290x/crop/!290x180,插画-插画习作,8263,23,100,https://www.zhisheji.com/uc_server/data/avatar/000/47/73/38_avatar_small.jpg?time=1576479575
FOODOGRAPH,养鱼吧后浪 | 德克鱼粮 X foodography,https://img.zhisheji.com/Fm0PRqkiMmHJoCqkpKDOn87MeS_T?imageMogr2/quality/100/sharpen/1/thumbnail/290x/crop/!290x180,摄影-产品,8718,13,91,https://www.zhisheji.com/uc_server/data/avatar/000/35/42/06_avatar_small.jpg?time=1519972015
梁敏亮,几组电商存货,https://img.zhisheji.com/Fu_w5plgVmkEkAc2YpK9TQWVJMaZ?imageMogr2/quality/100/sharpen/1/thumbnail/290x/crop/!290x180,详情页-其他,9529,16,91,https://www.zhisheji.com/uc_server/data/avatar/000/35/47/57_avatar_small.jpg?time=1594262352
75-栖吾品牌,国际环保城品牌设计,https://img.zhisheji.com/FtGYgzJQNSHBfsBu-JnUSLVOD8Kj?imageMogr2/quality/100/sharpen/1/thumbnail/290x/crop/!290x180,平面-品牌,3463,6,22,https://www.zhisheji.com/uc_server/data/avatar/000/54/53/96_avatar_small.jpg?time=1591068997
白鸽Bygoo,白鸽丨字库参赛字样+手写字体│2020第11发],https://img.zhisheji.com/FolJeGkXcq9YYgvKRIbWWYnb-xd6?imageMogr2/thumbnail/750x/crop/!750x469a0a143,平面-字体设计,3098,8,27,https://www.zhisheji.com/uc_server/data/avatar/000/36/14/41_avatar_small.jpg?time=1592493830
阿飞°,详情页×4,https://img.zhisheji.com/Fv_3FuTChe2nBzyn7Ave4CAc1BLn?imageMogr2/quality/100/sharpen/1/thumbnail/290x/crop/!290x180,详情页-手机数码,10922,26,78,https://www.zhisheji.com/uc_server/data/avatar/000/24/24/86_avatar_small.jpg?time=1589337815
小库里里,手写精选集,https://img.zhisheji.com/Ft08a6a9IDnT8Wu-WKPXY-JofJ0i?imageMogr2/thumbnail/750x/crop/!750x469a0a0,平面-字体设计,3673,10,26,https://www.zhisheji.com/uc_server/data/avatar/000/37/96/56_avatar_small.jpg?time=1590722457
胡晓波设计,渐变LOGO的9大技巧！（教程,https://img.zhisheji.com/Fm7Nk4DZVLHQ9rXDpoP25cqz4T1d?imageMogr2/quality/100/sharpen/1/thumbnail/290x/crop/!290x180,教程,9009,7,50,https://www.zhisheji.com/uc_server/data/avatar/000/46/63/13_avatar_small.jpg?time=1567143332
森焱视觉广告,萌趣小鹦鹉X森焱视觉,https://img.zhisheji.com/FqU-qv6zFFwdlGeoPyPur1MmS6pi?imageMogr2/quality/100/sharpen/1/thumbnail/290x/crop/!290x180,摄影-产品,8074,18,56,https://www.zhisheji.com/uc_server/data/avatar/000/54/55/19_avatar_small.jpg?time=1591087366
潜云设计团队,【全友家居】618活动首页视觉策划作品分享,https://img.zhisheji.com/FuOyboNB0n5ZSOTWPwoq43Udceyi?imageMogr2/quality/100/sharpen/1/thumbnail/290x/crop/!290x180,首页/专题-家装建材,12013,34,261,https://www.zhisheji.com/uc_server/data/avatar/000/01/49/11_avatar_small.jpg?time=1540896852
造山,造山X济南铁路局X国风机车演变史,https://img.zhisheji.com/Fmr8_EiP6VCtgbuWfQDcs8JH7O3f?imageMogr2/quality/100/sharpen/1/thumbnail/290x/crop/!290x180,插画-商业插画,8239,29,106,https://www.zhisheji.com/uc_server/data/avatar/000/46/03/35_avatar_small.jpg?time=1591237860
CR700,挂脖风扇 | 桌面风扇 | 详情视觉分享,https://img.zhisheji.com/FtR4zr2l4UK8rjcjW21jHDigGVi5?imageMogr2/quality/100/sharpen/1/thumbnail/290x/crop/!290x180,详情页-家电办公,8652,26,84,https://www.zhisheji.com/uc_server/data/avatar/000/13/85/89_avatar_small.jpg?time=1534902635
杰克sean,「商业合成海报」从构思到成品全流程解析,https://img.zhisheji.com/Fg808NrA8DC-E2ya3XSmxco4unJg?imageMogr2/quality/100/sharpen/1/thumbnail/290x/crop/!290x180,教程,7264,4,66,https://www.zhisheji.com/uc_server/data/avatar/000/02/53/55_avatar_small.jpg?time=1543568476
李金柱,LUDDY线上视觉规范升级,https://img.zhisheji.com/FjLQJ_O4KIuZ_GSAik8PatmyreN5?imageMogr2/quality/100/sharpen/1/thumbnail/290x/crop/!290x180,首页/专题-母婴用品,9322,13,96,https://www.zhisheji.com/uc_server/data/avatar/000/03/26/92_avatar_small.jpg?time=1546409782
麦诺HOTAO,LOGO,https://img.zhisheji.com/FpW7DUAbTl-VlCFv_taeH36iKsfW?imageMogr2/quality/100/sharpen/1/thumbnail/290x/crop/!290x180,平面-LOGO,6742,13,35,https://www.zhisheji.com/uc_server/data/avatar/000/45/45/03_avatar_small.jpg?time=1594204524
依然浚,书法美术字集 | 上册,https://img.zhisheji.com/FnclEDn4h1f7R8kfbz8Pum7EwDBg?imageMogr2/quality/100/sharpen/1/thumbnail/290x/crop/!290x180,平面-字体设计,3519,9,20,https://www.zhisheji.com/uc_server/data/avatar/000/21/24/59_avatar_small.jpg?time=1484135593
A_LingXS,上半年详情页+首页×6,https://img.zhisheji.com/FuRLhILrOLMIiVAHXr-DhWlvNmGQ?imageMogr2/quality/100/sharpen/1/thumbnail/290x/crop/!290x180,详情页-护肤彩妆,9773,18,106,https://www.zhisheji.com/uc_server/data/avatar/000/09/16/68_avatar_small.jpg?time=1510904926
响马摄影,暮色女王护肤品|响马摄影,https://img.zhisheji.com/Fsiyd72x7CrTczrGAJkhxW6hMRrJ?imageMogr2/thumbnail/750x/crop/!750x469a0a1,摄影-产品,10738,18,142,https://www.zhisheji.com/uc_server/data/avatar/000/25/44/21_avatar_small.jpg?time=1551786010
观察者s,亚马逊的一款手机壳 主打非牛顿流体,https://img.zhisheji.com/lt3kQ-CkJnvnGqHJbs2FIrx53Yy6?imageMogr2/thumbnail/750x/crop/!675x422a75a0,三维/C4D,10573,44,147,https://www.zhisheji.com/uc_server/data/avatar/000/55/39/72_avatar_small.jpg?time=1594699282
观察者s,AirPods Case,https://img.zhisheji.com/lk1UhRDNU3Esu39Mw3FfZGoIjVjx?imageMogr2/thumbnail/750x/crop/!437x273a138a0,三维/C4D,10727,41,177,https://www.zhisheji.com/uc_server/data/avatar/000/55/39/72_avatar_small.jpg?time=1594699282
观察者s,TORRAS手持小风扇,https://img.zhisheji.com/lpNMZMfZxDOvjKLvKdyvdd5WQPBe?imageMogr2/thumbnail/750x/crop/!675x422a36a0,三维/C4D,11927,70,286,https://www.zhisheji.com/uc_server/data/avatar/000/55/39/72_avatar_small.jpg?time=1594699282
野鹿志,（图文+视频）C4D野教程：使用xpExplosiaFX制作烟雾流体方块,https://img.zhisheji.com/FkulEvKPMzE_k2QLY_ltVyYQVeQF?imageMogr2/quality/100/sharpen/1/thumbnail/290x/crop/!290x180,教程,4422,4,16,https://www.zhisheji.com/uc_server/data/avatar/000/36/11/22_avatar_small.jpg?time=1522841633
返朴歸真,書法字记,https://img.zhisheji.com/FjQuJ-aDTej2IKx84PVLo9AKUbx2?imageMogr2/quality/100/sharpen/1/thumbnail/290x/crop/!290x180,平面-字体设计,4452,16,46,https://www.zhisheji.com/uc_server/data/avatar/000/39/49/23_avatar_small.jpg?time=1557388224
那英队总冠军,原创产品包装创意——Ausinta,https://img.zhisheji.com/FpXgdyH64GZ5KevF29fpXBcNvq04?imageMogr2/quality/100/sharpen/1/thumbnail/290x/crop/!290x180,三维/C4D,9193,19,103,https://www.zhisheji.com/uc_server/data/avatar/000/54/26/38_avatar_small.jpg?time=1589948483
田螺煎鸡蛋,无忧岛插画/命理小程序/田螺煎鸡蛋,https://img.zhisheji.com/lvYg4TPsOMuZV4N03GUItzT7g7F3?imageMogr2/thumbnail/750x/crop/!750x469a0a0,插画-商业插画,8264,25,95,https://www.zhisheji.com/uc_server/data/avatar/000/54/70/81_avatar_small.jpg?time=1591601127
头条君,这碗牛肉面太绝了，我给你的是yes！,https://img.zhisheji.com/FqD2NlNmra8koV-SxqBxqHLhwpl2?imageMogr2/quality/100/sharpen/1/thumbnail/290x/crop/!290x180,文章/经验,7848,3,16,https://www.zhisheji.com/uc_server/data/avatar/000/09/50/09_avatar_small.jpg?time=1478140334
简小简,《花语白-东方美人图》,https://img.zhisheji.com/FuFJsUW0gT2C2z1IAKlgY2b2V6N6?imageMogr2/quality/100/sharpen/1/thumbnail/290x/crop/!290x180,插画-商业插画,8524,24,120,https://www.zhisheji.com/uc_server/data/avatar/000/13/30/76_avatar_small.jpg?time=1509427227
力虎广告,边界与分寸<USER>品牌视觉全案-美妆工具,https://img.zhisheji.com/FvElXB__ZV7Du787N6wGIiFn5jMO?imageMogr2/quality/100/sharpen/1/thumbnail/290x/crop/!290x180,详情页-其他,12146,31,142,https://www.zhisheji.com/uc_server/data/avatar/000/07/72/92_avatar_small.jpg?time=1577611835
中二的小黄鸭,清寂体,https://img.zhisheji.com/FqpmQoubqdnPqcR7PNEMOJ0rIQFO?imageMogr2/thumbnail/750x/crop/!290x181a431a244,平面-字体设计,8323,22,60,https://www.zhisheji.com/uc_server/data/avatar/000/50/97/26_avatar_small.jpg?time=1575872892
阿飞°,【产品渲染--蓝牙耳机】,https://img.zhisheji.com/FlAUfe_W6P78nMuXdnqWaO3IsWgg?imageMogr2/quality/100/sharpen/1/thumbnail/290x/crop/!290x180,三维/C4D,9722,31,118,https://www.zhisheji.com/uc_server/data/avatar/000/24/24/86_avatar_small.jpg?time=1589337815
CYS刘洋,CYS-网页小结,https://img.zhisheji.com/FrNyl_X41d66Q9h_BhgBV99tuQxz?imageMogr2/thumbnail/750x/crop/!678x424a42a87,网页-企业官网,6928,20,42,https://www.zhisheji.com/uc_server/data/avatar/000/49/67/53_avatar_small.jpg?time=1594402523
FOODOGRAPH,吃出理想好身材 | 咚吃 X foodography,https://img.zhisheji.com/Fl6bhtnOEOOQb5RVVk-ly8d9DFM7?imageMogr2/thumbnail/750x/crop/!750x469a0a413,摄影-产品,8051,18,62,https://www.zhisheji.com/uc_server/data/avatar/000/35/42/06_avatar_small.jpg?time=1519972015
Carson_卡森,New attemp 硬核耳机视频,https://img.zhisheji.com/FrrHc9E9ayYZmQK1zs3Xfxl6Lsu8?imageMogr2/quality/100/sharpen/1/thumbnail/290x/crop/!290x180,三维/C4D,7855,17,57,https://www.zhisheji.com/uc_server/data/avatar/000/12/44/10_avatar_small.jpg?time=1594392899
余生C,详情页X3,https://img.zhisheji.com/FjrNNci3an7PAFA6ONNmIUr86C77?imageMogr2/quality/100/sharpen/1/thumbnail/290x/crop/!290x180,详情页-其他,9737,19,116,https://www.zhisheji.com/uc_server/data/avatar/000/34/11/83_avatar_small.jpg?time=1548381722
胡晓波设计,云和巷品牌形象设计,https://img.zhisheji.com/Ft9rxo96UVY6RHwowcHHZZynAViw?imageMogr2/thumbnail/750x/crop/!480x300a138a77,平面-品牌,9544,19,126,https://www.zhisheji.com/uc_server/data/avatar/000/46/63/13_avatar_small.jpg?time=1567143332
张泽坚,张泽坚 | 手写集,https://img.zhisheji.com/FpqUaNNGddvjMED67tFodfo2dwfU?imageMogr2/quality/100/sharpen/1/thumbnail/290x/crop/!290x180,平面-字体设计,4086,9,28,https://www.zhisheji.com/uc_server/data/avatar/000/43/65/17_avatar_small.jpg?time=1556176782
青Tee,Pineal Website,https://img.zhisheji.com/Fn4OLuuPVdlm6FekC3EGeuTnvOF6?imageMogr2/quality/100/sharpen/1/thumbnail/290x/crop/!290x180,网页-企业官网,8088,44,82,https://www.zhisheji.com/uc_server/data/avatar/000/44/91/88_avatar_small.jpg?time=1587100852
艾池手迹,艾池手迹-武神,https://img.zhisheji.com/Fmowo1AW-4bxUknLdMDZv6_iG9LJ?imageMogr2/quality/100/sharpen/1/thumbnail/290x/crop/!290x180,平面-字体设计,4795,10,38,https://www.zhisheji.com/uc_server/data/avatar/000/44/76/58_avatar_small.jpg?time=1560306886
超燃,锻造之路-概念设计,https://img.zhisheji.com/ltyVcFgBAK5EMtmpVi4joJj9fu5r?imageMogr2/thumbnail/750x/crop/!469x293a156a2561,三维/C4D,8069,24,95,https://www.zhisheji.com/uc_server/data/avatar/000/38/62/99_avatar_small.jpg?time=1533531533
Carson_卡森,《Summer海洋之声》 耳机产品视频,https://img.zhisheji.com/Fj1n1NkHspD0M-vCfHIosbbWZfvp?imageMogr2/thumbnail/750x/crop/!675x422a24a0,三维/C4D,6959,11,64,https://www.zhisheji.com/uc_server/data/avatar/000/12/44/10_avatar_small.jpg?time=1594392899
MansionVie,啊劲的寻面之旅 | Mansion View Studio,https://img.zhisheji.com/FlezPIH90VOjYZYs4MyNtHaqlVnQ?imageMogr2/quality/100/sharpen/1/thumbnail/290x/crop/!290x180,摄影-产品,9029,44,170,https://www.zhisheji.com/uc_server/data/avatar/000/54/58/03_avatar_small.jpg?time=1591162942
Cutut,2020上半年详情页合集x3,https://img.zhisheji.com/Fur0cITLS6C82weRWQtkBaK7D_sg?imageMogr2/quality/100/sharpen/1/thumbnail/290x/crop/!290x180,详情页-手机数码,11819,90,184,https://www.zhisheji.com/uc_server/data/avatar/000/46/51/01_avatar_small.jpg?time=1593670658
梁敏亮,象位·品牌官网视觉,https://img.zhisheji.com/FgSfFEqUv4c8rawPNHEnw7pqpiJl?imageMogr2/quality/100/sharpen/1/thumbnail/290x/crop/!290x180,网页-企业官网,6706,13,37,https://www.zhisheji.com/uc_server/data/avatar/000/35/47/57_avatar_small.jpg?time=1594262352
汤臣杰逊,汤臣杰逊【好安适婴儿湿纸巾-品牌新视觉作品分享】,https://img.zhisheji.com/Fu6oVs17WNEs6mI1mWIFJK1k9ScN?imageMogr2/quality/100/sharpen/1/thumbnail/290x/crop/!290x180,详情页-母婴用品,10934,21,180,https://www.zhisheji.com/uc_server/data/avatar/000/06/28/76_avatar_small.jpg?time=1574415306
停停走走 走走停停,活动专题页狂暑季×2/618第三波×1,https://img.zhisheji.com/Fq1lRDldOg-4-KJbZTUlHGok4xW2?imageMogr2/quality/100/sharpen/1/thumbnail/290x/crop/!290x180,首页/专题-母婴用品,9602,23,175,https://www.zhisheji.com/uc_server/data/avatar/000/14/48/60_avatar_small.jpg?time=1565344826
野鹿摄影,水形与色 | 美妆摄影 | 野鹿摄影,https://img.zhisheji.com/FtXfCbW6OgZVyNCg1sJhvyS0vptx?imageMogr2/quality/100/sharpen/1/thumbnail/290x/crop/!290x180,摄影-产品,8524,31,103,https://www.zhisheji.com/uc_server/data/avatar/000/41/09/77_avatar_small.jpg?time=1594795706
依然浚,手写美术字体,https://img.zhisheji.com/FpILtosSWFIHw3oX7Kdk1VeEqrjB?imageMogr2/quality/100/sharpen/1/thumbnail/290x/crop/!290x180,平面-字体设计,6926,32,47,https://www.zhisheji.com/uc_server/data/avatar/000/21/24/59_avatar_small.jpg?time=1484135593
此刻无实物,那些我不在他们身边的日子,https://img.zhisheji.com/FtaqdovQmijZRFKklOnE78M2ilBX?imageMogr2/quality/100/sharpen/1/thumbnail/290x/crop/!290x180,动漫-中/长篇漫画,8779,37,216,https://www.zhisheji.com/uc_server/data/avatar/000/53/85/03_avatar_small.jpg?time=1588382988
IN LIGHT摄影,拉面说 x 妙可蓝多 x INLIGHT 美食拍摄,https://img.zhisheji.com/ln7Szy2DlkE-5NOU0fLi5UxCTEN0?imageMogr2/thumbnail/750x/crop/!750x469a0a20,摄影-产品,9934,28,102,https://www.zhisheji.com/uc_server/data/avatar/000/42/44/25_avatar_small.jpg?time=1551436668
宫喜,C4D人物系列——NG CLUB,https://img.zhisheji.com/FizPqJpHwL-eWfX0vVAD_Wg6429n?imageMogr2/thumbnail/750x/crop/!750x469a0a26,三维/C4D,8501,29,117,https://www.zhisheji.com/uc_server/data/avatar/000/48/30/05_avatar_small.jpg?time=1573125273
木有空空,赛博朋克2077 饭制版海报合集,https://img.zhisheji.com/FtPCGEjyNxYl3GlS0wFZ8zokM3wB?imageMogr2/quality/100/sharpen/1/thumbnail/290x/crop/!290x180,平面-海报,6591,29,74,https://www.zhisheji.com/uc_server/data/avatar/000/38/17/18_avatar_small.jpg?time=1537354014
花花公子不是我,原创品牌IP形象-诺小绵,https://img.zhisheji.com/Fp_lrund1x7vamRbPqbC4qfALbnI?imageMogr2/quality/100/sharpen/1/thumbnail/290x/crop/!290x180,三维/C4D,8460,48,164,https://www.zhisheji.com/uc_server/data/avatar/000/14/16/96_avatar_small.jpg?time=1568908441
Lexkon Liu,【a豆潮流有色】品牌IP形象创作,https://img.zhisheji.com/Fkxi7ThNXhFqs4o6tnAF0kG1SYXM?imageMogr2/quality/100/sharpen/1/thumbnail/290x/crop/!290x180,插画-商业插画,4143,15,56,https://www.zhisheji.com/uc_server/data/avatar/000/43/68/17_avatar_small.jpg?time=1581056395
旨要摄影,平面案例 | Usmile双子联名款声波电动牙刷 &UNCL,https://img.zhisheji.com/FsBXz-XNbRVzMxzn0E0On5kz3_SJ?imageMogr2/thumbnail/750x/crop/!750x469a0a445,摄影-产品,8088,18,26,https://www.zhisheji.com/uc_server/data/avatar/000/55/01/34_avatar_small.jpg?time=1592905389
小狼君Langcer,【三只松鼠·坚果曲奇】零食包装,https://img.zhisheji.com/FvdsSK5ayAPKK1rhsDpXJazwh5uH?imageMogr2/quality/100/sharpen/1/thumbnail/290x/crop/!290x180,平面-包装设计,8309,20,94,https://www.zhisheji.com/uc_server/data/avatar/000/54/45/20_avatar_small.jpg?time=1590663599
头条君,下半年的首页推荐，你看我还有机会吗？,https://img.zhisheji.com/FnaPFnD1Xly7B032rADzleUY2-eD?imageMogr2/quality/100/sharpen/1/thumbnail/290x/crop/!290x180,文章/经验,8731,7,31,https://www.zhisheji.com/uc_server/data/avatar/000/09/50/09_avatar_small.jpg?time=1478140334
野鹿摄影,2020美妆摄影年中合集 | 野鹿摄影,https://img.zhisheji.com/Fu2AkSQc5-L94LmsuBMO5cs4JZCt?imageMogr2/quality/100/sharpen/1/thumbnail/290x/crop/!290x180,摄影-产品,11452,35,114,https://www.zhisheji.com/uc_server/data/avatar/000/41/09/77_avatar_small.jpg?time=1594795706
旨要摄影,产品案例 | rorolove时尚手表 & UNCLEFOT,https://img.zhisheji.com/Fote7hRFt6eP9NIzk63FX_WW-dgx?imageMogr2/thumbnail/750x/crop/!750x469a0a15,摄影-产品,7500,8,26,https://www.zhisheji.com/uc_server/data/avatar/000/55/01/34_avatar_small.jpg?time=1592905389
Jcookie,Fort Point Beer,https://img.zhisheji.com/FqHm-Xzj9sYm2hmk7mrJU15qJoJj?imageMogr2/thumbnail/750x/crop/!750x469a0a809,网页-企业官网,8552,14,68,https://www.zhisheji.com/uc_server/data/avatar/000/44/49/86_avatar_small.jpg?time=1596765011
斯科字作,斯科/杂记/手写字型,https://img.zhisheji.com/FlquaRrk3zad9F3zbL48q_ZyOXb0?imageMogr2/thumbnail/750x/crop/!574x359a86a81,平面-字体设计,4539,12,40,https://www.zhisheji.com/uc_server/data/avatar/000/23/22/23_avatar_small.jpg?time=1495468530
付顽童,书籍装帧设计合集NO.2,https://img.zhisheji.com/Fq5vBMdhPDOHocJqON_ZU5Z9h22x?imageMogr2/thumbnail/750x/crop/!750x469a0a0,平面-书/画册,8155,21,81,https://www.zhisheji.com/uc_server/data/avatar/000/26/38/77_avatar_small.jpg?time=1523872244
FOODOGRAPH,野兽派 X 阴阳师 | 执念化花 野兽派缚骨清姬定制花束,https://img.zhisheji.com/FnUds9jY00pcetvGspTi9PESLDWi?imageMogr2/quality/100/sharpen/1/thumbnail/290x/crop/!290x180,摄影-产品,9398,28,96,https://www.zhisheji.com/uc_server/data/avatar/000/35/42/06_avatar_small.jpg?time=1519972015
致设计团队,搜索功能优化公告,https://img.zhisheji.com/Fuy4AnUXG9HvOUr5obwqEpv_UgT1?imageMogr2/quality/100/sharpen/1/thumbnail/290x/crop/!290x180,资讯,8582,40,51,https://www.zhisheji.com/uc_server/data/avatar/000/00/00/01_avatar_small.jpg?time=1464663636
BHQS,BHQS#2020作品整理#,https://img.zhisheji.com/lnFtIBkHrj9NDyO2-vC12zQzMujp?imageMogr2/thumbnail/750x/crop/!750x469a0a41,插画-商业插画,4398,11,33,https://www.zhisheji.com/uc_server/data/avatar/000/47/91/86_avatar_small.jpg?time=1586770174
巨人谷GIRENKU,【蓝奇宝贝儿童学习筷】创意视觉动画——巨人谷制作,https://img.zhisheji.com/lvMSboE50_nZV4F81rotPc7a3sgr?imageMogr2/thumbnail/750x/crop/!750x469a0a164,三维/C4D,6482,75,103,https://www.zhisheji.com/uc_server/data/avatar/000/43/67/15_avatar_small.jpg?time=1556185312
默雷,小罐茶 x 五芳斋 端午节粽子小罐茶礼盒,https://img.zhisheji.com/FpDVA7_xYulg-pzJgCnWBe3mREF6?imageMogr2/thumbnail/750x/crop/!750x469a0a12,摄影-产品,10220,10,66,https://www.zhisheji.com/uc_server/data/avatar/000/42/88/67_avatar_small.jpg?time=1562211963
TheIntro,Altered Carbon-乌鸦旅馆,https://img.zhisheji.com/lsxxEptNxUaNjuBZnH9RyszQlxdx?imageMogr2/thumbnail/750x/crop/!554x346a104a0,三维/C4D,8150,25,100,https://www.zhisheji.com/uc_server/data/avatar/000/55/17/71_avatar_small.jpg?time=1593697631
半位辣鸡,NINTAUS - 挂烫机/复古养生壶   -  KONKA,https://img.zhisheji.com/FnlWJzbID8MoKy3Yv3Tk1SvrQlzc?imageMogr2/quality/100/sharpen/1/thumbnail/290x/crop/!290x180,详情页-家电办公,8802,19,99,https://www.zhisheji.com/uc_server/data/avatar/000/12/99/30_avatar_small.jpg?time=1491806302
Cutut,“至善漓院”十八周年校庆品牌推广设计,https://img.zhisheji.com/Fru_LFimr16MUVpUtU71Nbyf7jfI?imageMogr2/quality/100/sharpen/1/thumbnail/290x/crop/!290x180,平面-品牌,6538,27,53,https://www.zhisheji.com/uc_server/data/avatar/000/46/51/01_avatar_small.jpg?time=1593670658
Cary_车,H5+海报KV小结,https://img.zhisheji.com/FoBRGnK4HhkmOiwNa-2e2tiO8gnz?imageMogr2/thumbnail/750x/crop/!750x469a0a514,UI-H5,7756,17,58,https://www.zhisheji.com/uc_server/data/avatar/000/00/02/93_avatar_small.jpg?time=1593414094
奈斯萌主,手机,https://img.zhisheji.com/FirtzSf7r0YoYI16FUv5fgjr9b5B?imageMogr2/quality/100/sharpen/1/thumbnail/290x/crop/!290x180,三维/C4D,8551,52,134,https://www.zhisheji.com/uc_server/data/avatar/000/13/34/23_avatar_small.jpg?time=1595167667
青Tee,网页版式精选,https://img.zhisheji.com/FkNLkAEapsaPGbNJG2yk7zHoM6zi?imageMogr2/quality/100/sharpen/1/thumbnail/290x/crop/!290x180,网页-其他,9752,73,185,https://www.zhisheji.com/uc_server/data/avatar/000/44/91/88_avatar_small.jpg?time=1587100852
古巨蜥,字由心生 半年集,https://img.zhisheji.com/FpNJdYRBn0WNDI_kOp5jpGE8O266?imageMogr2/thumbnail/750x/crop/!750x469a0a165,平面-字体设计,5434,15,40,https://www.zhisheji.com/uc_server/data/avatar/000/21/41/46_avatar_small.jpg?time=1543372167
葱爷,6大技巧轻松搞定图形设计,https://img.zhisheji.com/Fihi83Gg8Z_53i1pyb0691Mqoi6o?imageMogr2/quality/100/sharpen/1/thumbnail/290x/crop/!290x180,教程,5500,2,34,https://www.zhisheji.com/uc_server/data/avatar/000/40/25/81_avatar_small.jpg?time=1542525171
LYJ草果,详情页x5(年中总结),https://img.zhisheji.com/FtEbfFjAqMH67PAKrTniWHlaziBj?imageMogr2/quality/100/sharpen/1/thumbnail/290x/crop/!290x180,详情页-手机数码,11660,83,185,https://www.zhisheji.com/uc_server/data/avatar/000/26/04/68_avatar_small.jpg?time=1547519888
颜色不一样的红,M.O.H.G,https://img.zhisheji.com/Fix4VAoDE7lSuzwzwT6RNOa33QWT?imageMogr2/quality/100/sharpen/1/thumbnail/290x/crop/!290x180,网页-企业官网,8322,16,58,https://www.zhisheji.com/uc_server/data/avatar/000/39/67/04_avatar_small.jpg?time=1578807453
WMM王麦麦,798艺术区IP卡通形象设计------奇思鲨,https://img.zhisheji.com/FvkJRAKM6MmWGWsmNawyG7kHOZti?imageMogr2/quality/100/sharpen/1/thumbnail/290x/crop/!290x180,平面-吉祥物,6056,28,86,https://www.zhisheji.com/uc_server/data/avatar/000/53/86/00_avatar_small.jpg?time=1591201683
叫我亲爱的小奇,War Epidemic,https://img.zhisheji.com/FnFV9GYknl-CggizBEsxEPuDEML_?imageMogr2/quality/100/sharpen/1/thumbnail/290x/crop/!290x180,三维/C4D,7253,23,82,https://www.zhisheji.com/uc_server/data/avatar/000/52/18/37_avatar_small.jpg?time=1581132500
设计师_慕歌,Blackfish Official Web - 2020,https://img.zhisheji.com/Fm_N6CN33GPU_DiDRmPkj3_sSCMy?imageMogr2/thumbnail/750x/crop/!750x469a0a26,网页-企业官网,5754,17,51,https://www.zhisheji.com/uc_server/data/avatar/000/00/52/25_avatar_small.jpg?time=1593660081
赵三羊,上半年儿插练习汇总,https://img.zhisheji.com/Fqe_SVrxzu5kQYMQDFow9PmgbX1M?imageMogr2/quality/100/sharpen/1/thumbnail/290x/crop/!290x180,插画-儿童插画,8535,69,138,https://www.zhisheji.com/uc_server/data/avatar/000/36/92/42_avatar_small.jpg?time=1566205922
牛小韩,叽叽丫丫日常2+表情包,https://img.zhisheji.com/lqx89ljmhjkhrvZB3ZJ8QonaaKUB?imageMogr2/thumbnail/750x/crop/!416x260a187a2262,平面-吉祥物,5736,23,62,https://www.zhisheji.com/uc_server/data/avatar/000/42/40/32_avatar_small.jpg?time=1551158781
响马摄影,美丽蓓菲|护肤品|响马摄影,https://img.zhisheji.com/Ft4Kg2U5ScAeG1O4OlJ5m3wy2Qdn?imageMogr2/thumbnail/750x/crop/!750x469a0a458,摄影-产品,8691,22,116,https://www.zhisheji.com/uc_server/data/avatar/000/25/44/21_avatar_small.jpg?time=1551786010
娜家视觉,美妆摄影｜颐莲护肤品场景图拍摄和精修,https://img.zhisheji.com/FtpxNedp2Ki6-m-9AUu2i2a_wYYA?imageMogr2/quality/100/sharpen/1/thumbnail/290x/crop/!290x180,摄影-产品,8059,22,69,https://www.zhisheji.com/uc_server/data/avatar/000/43/38/05_avatar_small.jpg?time=1554888848
FOODOGRAPH,小家电摄影 | 小熊挂脖风扇 X foodography,https://img.zhisheji.com/FoKhMEOtpXxdHkx026EelDnOhLmA?imageMogr2/quality/100/sharpen/1/thumbnail/290x/crop/!290x180,摄影-产品,8942,24,102,https://www.zhisheji.com/uc_server/data/avatar/000/35/42/06_avatar_small.jpg?time=1519972015
Joker · 小丑,这群人2个月每天14h都在干嘛？,https://img.zhisheji.com/FnNzTCGNYIjB7kgZYkd8EdwSPBOd?imageMogr2/quality/100/sharpen/1/thumbnail/290x/crop/!290x180,首页/专题-其他,15077,99,303,https://www.zhisheji.com/uc_server/data/avatar/000/00/02/54_avatar_small.jpg?time=1464663636
田螺煎鸡蛋,涂鸦字体探索/软件篇,https://img.zhisheji.com/FmF2DJGRA_6iFQRj7qKskSt1K5oY?imageMogr2/thumbnail/750x/crop/!558x349a103a49,插画-涂鸦潮流,4889,19,52,https://www.zhisheji.com/uc_server/data/avatar/000/54/70/81_avatar_small.jpg?time=1591601127
BIGEYES,惠普Z系列-Z Plan,https://img.zhisheji.com/lgmrcWSTQdDFeGiOAFUvM5gDhRyM?imageMogr2/thumbnail/750x/crop/!750x469a0a0,三维/C4D,5212,29,60,https://www.zhisheji.com/uc_server/data/avatar/000/53/94/52_avatar_small.jpg?time=1588993807
Cary_车,Funplus官网+6周年,https://img.zhisheji.com/FiixN0Nq6DAa3YpkD-oxjLhTrq5k?imageMogr2/thumbnail/750x/crop/!750x469a0a1066,网页-企业官网,4790,16,42,https://www.zhisheji.com/uc_server/data/avatar/000/00/02/93_avatar_small.jpg?time=1593414094
巧匠课堂,小场景-产品合成海报,https://img.zhisheji.com/FtZZ-DcqxoKCGkhed9-s1e4rKGtX?imageMogr2/thumbnail/750x/crop/!750x469a0a240,首页/专题-汇吃美食,9957,49,169,https://www.zhisheji.com/uc_server/data/avatar/000/00/00/03_avatar_small.jpg?time=1576741416
希琪,【手写字】决战高考，梦想起航,https://img.zhisheji.com/FmSPIgWIXqXit8_YGVHYRXkETD0C?imageMogr2/quality/100/sharpen/1/thumbnail/290x/crop/!290x180,平面-字体设计,7603,21,107,https://www.zhisheji.com/uc_server/data/avatar/000/52/30/31_avatar_small.jpg?time=1585581426
小狼君Langcer,【三只松鼠·膨化食品】零食包装,https://img.zhisheji.com/Fv7WymnL8Co-1nfuTQLftJlmT5cP?imageMogr2/quality/100/sharpen/1/thumbnail/290x/crop/!290x180,平面-包装设计,8536,25,108,https://www.zhisheji.com/uc_server/data/avatar/000/54/45/20_avatar_small.jpg?time=1590663599
头条君,【每周榜单】OMG！偶被这个小美人鱼迷倒了,https://img.zhisheji.com/FhdmgFY0gK_49WheJMzZx7IrXdEV?imageMogr2/quality/100/sharpen/1/thumbnail/290x/crop/!290x180,资讯,5845,3,30,https://www.zhisheji.com/uc_server/data/avatar/000/09/50/09_avatar_small.jpg?time=1478140334
lee「海」,插画集「January to June」,https://img.zhisheji.com/Ft-cIMlfd4qd-eij7xzVbzaC5Bem?imageMogr2/thumbnail/750x/crop/!739x462a11a7,插画-其他,4496,14,49,https://www.zhisheji.com/uc_server/data/avatar/000/53/04/01_avatar_small.jpg?time=1585580803
汤臣杰逊,汤臣杰逊【五芳斋端午节页面品牌新视觉作品分享】,https://img.zhisheji.com/FhdAPykLAzxGohpuoyVOpj_jLc2g?imageMogr2/quality/100/sharpen/1/thumbnail/290x/crop/!290x180,首页/专题-汇吃美食,9936,34,207,https://www.zhisheji.com/uc_server/data/avatar/000/06/28/76_avatar_small.jpg?time=1574415306
波子是也,美力绽放的艺术 ｜ 华光HG ｜ 手持挂烫机详情视觉策划,https://img.zhisheji.com/Fg27rdimOehdVbCwZHuMbgPf9yKv?imageMogr2/quality/100/sharpen/1/thumbnail/290x/crop/!290x180,详情页-家电办公,8971,32,167,https://www.zhisheji.com/uc_server/data/avatar/000/26/58/59_avatar_small.jpg?time=1584065401
森焱视觉广告,萌趣X森焱视觉,https://img.zhisheji.com/FhU5fVTVCq30AwsZ0U35v93xm43A?imageMogr2/quality/100/sharpen/1/thumbnail/290x/crop/!290x180,摄影-产品,5975,17,59,https://www.zhisheji.com/uc_server/data/avatar/000/54/55/19_avatar_small.jpg?time=1591087366
果粒life,守护｜星辰大海合集,https://img.zhisheji.com/FlZDeCEbktWAWo-HhKpfydR0Hr8D?imageMogr2/thumbnail/750x/crop/!720x450a15a0,插画-插画习作,8205,33,125,https://www.zhisheji.com/uc_server/data/avatar/000/55/08/23_avatar_small.jpg?time=1593337558
茄子电商设计,黄金饰品详情,https://img.zhisheji.com/FmEVla0M9Sxe_vpI0Hjckt0hZ6a-?imageMogr2/quality/100/sharpen/1/thumbnail/290x/crop/!290x180,钻展/主图-珠宝配饰,9091,51,91,https://www.zhisheji.com/uc_server/data/avatar/000/01/76/71_avatar_small.jpg?time=1545370179
山图摄影,《ROUGIR》——弗利少女（FREELASS）品牌内衣拍摄,https://img.zhisheji.com/FtlAKGZrRoFrhSURbFZlGYngKYPW?imageMogr2/quality/100/sharpen/1/thumbnail/290x/crop/!290x180,摄影-产品,7369,15,27,https://www.zhisheji.com/uc_server/data/avatar/000/54/72/22_avatar_small.jpg?time=1591847548
黑白君,最近修图拍摄以及参与的一些项目整理,https://img.zhisheji.com/FqzZdA-wzyQ0yJC9Efj3ROJ2CFKy?imageMogr2/quality/100/sharpen/1/thumbnail/290x/crop/!290x180,摄影-修图后期,8537,29,90,https://www.zhisheji.com/uc_server/data/avatar/000/17/10/18_avatar_small.jpg?time=1544514370
212设计,小米手环5+ART音箱+电视 C4D三维渲染【5-6月项目】,https://img.zhisheji.com/ltvqorGUFhuLQ8NSbLUVG5SoRkk1?imageMogr2/thumbnail/750x/crop/!547x342a119a59,三维/C4D,8875,27,113,https://www.zhisheji.com/uc_server/data/avatar/000/10/19/11_avatar_small.jpg?time=1464835180
梅红提爱克斯,梅红C4D 每日图形设计 (二十三）,https://img.zhisheji.com/Fn7cgBxlsV_jF0lElgs5XXyoKBc_?imageMogr2/quality/100/sharpen/1/thumbnail/290x/crop/!290x180,三维/C4D,9063,22,75,https://www.zhisheji.com/uc_server/data/avatar/000/40/62/84_avatar_small.jpg?time=1543843902
喜鹊包装设计,喜鹊重新炒了12年前的冷饭…新茶包装这次又震惊了茶叶圈！,https://img.zhisheji.com/Ft72ezkXI5lEE0K6-CMUP5g1PvoM?imageMogr2/quality/100/sharpen/1/thumbnail/290x/crop/!290x180,平面-包装设计,5550,12,44,https://www.zhisheji.com/uc_server/data/avatar/000/46/25/99_avatar_small.jpg?time=1565763739
午睡时刻,电商大促,https://img.zhisheji.com/FsBQAEIYmFhofpKdIJZdXBObvexf?imageMogr2/thumbnail/750x/crop/!750x469a0a196,首页/专题-其他,8488,26,65,https://www.zhisheji.com/uc_server/data/avatar/000/22/59/66_avatar_small.jpg?time=1574935839
凌晨抠图,<原木>来自大自然的馈赠 | 官网,https://img.zhisheji.com/FnA1xaTYUfH2Kl-JXjUhtDxmm7TP?imageMogr2/quality/100/sharpen/1/thumbnail/290x/crop/!290x180,网页-企业官网,6604,18,86,https://www.zhisheji.com/uc_server/data/avatar/000/39/11/83_avatar_small.jpg?time=1566221443
陈呵呵,【产品渲染-手机结构】,https://img.zhisheji.com/FgsM4SqOtcjQG2GlV4d5pJ7DYDuY?imageMogr2/thumbnail/750x/crop/!622x389a98a17,三维/C4D,8241,15,96,https://www.zhisheji.com/uc_server/data/avatar/000/37/71/85_avatar_small.jpg?time=1529658528
田园歌,时光,https://img.zhisheji.com/FsrfUPomCxzEzPt73DbxNHJWZj7q?imageMogr2/thumbnail/750x/crop/!616x385a64a210,插画-商业插画,4514,14,59,https://www.zhisheji.com/uc_server/data/avatar/000/47/40/38_avatar_small.jpg?time=1570371503
才华有限,创意LOGO设计,https://img.zhisheji.com/Fm_HAWKLwWVh8X5Rn1bOAzXqieDK?imageMogr2/quality/100/sharpen/1/thumbnail/290x/crop/!290x180,平面-LOGO,5997,11,56,https://www.zhisheji.com/uc_server/data/avatar/000/23/09/43_avatar_small.jpg?time=1506007753
冬兴,书法字体设计<70>,https://img.zhisheji.com/FqCmcUnF0uRFJsBpmkdYk2o7ASuI?imageMogr2/quality/100/sharpen/1/thumbnail/290x/crop/!290x180,平面-字体设计,3451,14,34,https://www.zhisheji.com/uc_server/data/avatar/000/43/35/64_avatar_small.jpg?time=1554809863
Ness,SILENT FOREST -绿,https://img.zhisheji.com/Fm0e7PQAXbqActUaJg5r_DDyjyo9?imageMogr2/thumbnail/750x/crop/!675x422a34a0,三维/C4D,9604,42,315,https://www.zhisheji.com/uc_server/data/avatar/000/54/41/03_avatar_small.jpg?time=1593327639
MUKE木珂,梦想世界X许小喵IP潮玩公仔设计,https://img.zhisheji.com/FpGQDuY_zI1Td7mgTa1zsnkaY7_T?imageMogr2/quality/100/sharpen/1/thumbnail/290x/crop/!290x180,平面-吉祥物,6437,27,64,https://www.zhisheji.com/uc_server/data/avatar/000/55/02/79_avatar_small.jpg?time=1592977899
问虎视觉,三合一之1 X TigerVision,https://img.zhisheji.com/FrXl8z6i8A28nV_PJkt3TnbHKwT3?imageMogr2/thumbnail/750x/crop/!750x469a0a69,摄影-修图后期,9715,63,91,https://www.zhisheji.com/uc_server/data/avatar/000/08/15/93_avatar_small.jpg?time=1592362101
小狼君Langcer,【三只松鼠·蔓越莓曲奇】零食包装,https://img.zhisheji.com/FuMGWvPOCzCcIKtXt5Rvemd3dVaF?imageMogr2/quality/100/sharpen/1/thumbnail/290x/crop/!290x180,平面-包装设计,8084,17,61,https://www.zhisheji.com/uc_server/data/avatar/000/54/45/20_avatar_small.jpg?time=1590663599
玛琪可摄影,和平精英 x《天降潮鸭》小黄鸭系列主题盲盒,https://img.zhisheji.com/FkqepBGn-dB5GRJ1wxqu1t26ymE7?imageMogr2/quality/100/sharpen/1/thumbnail/290x/crop/!290x180,摄影-产品,7663,19,76,https://www.zhisheji.com/uc_server/data/avatar/000/46/77/03_avatar_small.jpg?time=1573884415
Han·猪的哥,FONT DESIGN  字体作品集,https://img.zhisheji.com/Fl-p-R8_BaGHkAjxVZ1iJGZWhDrO?imageMogr2/thumbnail/750x/crop/!526x329a8a0,平面-字体设计,4859,17,39,https://www.zhisheji.com/uc_server/data/avatar/000/52/89/28_avatar_small.jpg?time=1593590340
巧匠课堂,天猫海报合成创意表现-巧匠线下学员作品,https://img.zhisheji.com/Fn0JJxq9CLUCroEKhvcOa1Aq22DS?imageMogr2/thumbnail/750x/crop/!462x289a137a22,钻展/主图-男装女装,9247,38,176,https://www.zhisheji.com/uc_server/data/avatar/000/00/00/03_avatar_small.jpg?time=1576741416
ZJMX,ZJMX | Lamer 举手之劳，守护蔚蓝,https://img.zhisheji.com/FtX5hXO9AlOC7MJBv8Yb2OCEGydC?imageMogr2/thumbnail/750x/crop/!750x469a0a24,首页/专题-护肤彩妆,8038,23,88,https://www.zhisheji.com/uc_server/data/avatar/000/43/81/61_avatar_small.jpg?time=1556778847
插画师卷耳,飞猪｜秘境喀纳斯·好玩不用找,https://img.zhisheji.com/lrUV8YlDTCZp-MmC5260p5ZlaMqc?imageMogr2/thumbnail/750x/crop/!579x362a84a984,插画-商业插画,5961,18,68,https://www.zhisheji.com/uc_server/data/avatar/000/15/61/41_avatar_small.jpg?time=1515219679
七月熙视觉,化妆品摄影 七月熙 & 真丽斯,https://img.zhisheji.com/FjlEkYisueYyW_MIHAgvCoLoZHyR?imageMogr2/quality/100/sharpen/1/thumbnail/290x/crop/!290x180,摄影-产品,9797,40,154,https://www.zhisheji.com/uc_server/data/avatar/000/40/94/49_avatar_small.jpg?time=1583917763
小狼君Langcer,【PIONEER】澳大利亚红酒,https://img.zhisheji.com/FnrhvjmS5GpugVPhhLpx1GP5nCq0?imageMogr2/quality/100/sharpen/1/thumbnail/290x/crop/!290x180,平面-包装设计,5333,14,53,https://www.zhisheji.com/uc_server/data/avatar/000/54/45/20_avatar_small.jpg?time=1590663599
SA九五二七,SA9527-你好上海 & 暗空间城市插画~,https://img.zhisheji.com/FsLlZd_RkEiSX3zLBwWxojxPyOoW?imageMogr2/quality/100/sharpen/1/thumbnail/290x/crop/!290x180,插画-商业插画,4226,7,50,https://www.zhisheji.com/uc_server/data/avatar/000/02/96/08_avatar_small.jpg?time=1538527246
美工美邦、老张,作品不够吸引眼球，该如何解决？,https://img.zhisheji.com/FjebEDz92BTfueGGnsw_ToiIq09V?imageMogr2/quality/100/sharpen/1/thumbnail/290x/crop/!290x180,文章/经验,9512,4,85,https://www.zhisheji.com/uc_server/data/avatar/000/15/83/16_avatar_small.jpg?time=1551024084
大强_Persist,東八极限 | 品牌全案设计,https://img.zhisheji.com/FtQBialfjFY6JLM063XRKouBUEBA?imageMogr2/thumbnail/750x/crop/!576x360a168a0,平面-企业vi,7416,17,69,https://www.zhisheji.com/uc_server/data/avatar/000/43/58/66_avatar_small.jpg?time=1555903077
开到茶花,体验/视觉作品合集,https://img.zhisheji.com/Fi9P1XRv_s6LGIoa1wXRZQ3COr9o?imageMogr2/quality/100/sharpen/1/thumbnail/290x/crop/!290x180,UI-APP,8399,14,94,https://www.zhisheji.com/uc_server/data/avatar/000/38/33/71_avatar_small.jpg?time=1531742650
星话,【KINGMOO】形象设计,https://img.zhisheji.com/Fha220EOmHUW52OGfXwcF1Xcrd2a?imageMogr2/quality/100/sharpen/1/thumbnail/290x/crop/!290x180,平面-吉祥物,4203,16,50,https://www.zhisheji.com/uc_server/data/avatar/000/35/23/72_avatar_small.jpg?time=1589102310
森焱视觉广告,金立火腿X森焱视觉,https://img.zhisheji.com/FmbFBxpgrVCE0WZBpmsd8v8TRC3H?imageMogr2/quality/100/sharpen/1/thumbnail/290x/crop/!290x180,摄影-静物,8367,36,101,https://www.zhisheji.com/uc_server/data/avatar/000/54/55/19_avatar_small.jpg?time=1591087366
小狼君Langcer,【三只松鼠·黄油曲奇】零食包装,https://img.zhisheji.com/FpVIONGZvUW4AV0ofhMNakRRfSjb?imageMogr2/quality/100/sharpen/1/thumbnail/290x/crop/!290x180,平面-包装设计,7855,18,83,https://www.zhisheji.com/uc_server/data/avatar/000/54/45/20_avatar_small.jpg?time=1590663599
小李飞猪,CLIPTHAT音频编织数据线,https://img.zhisheji.com/FoUsQFkjFUlukFDVkmWBoLbMZk9k?imageMogr2/quality/100/sharpen/1/thumbnail/290x/crop/!290x180,三维/C4D,7166,25,118,https://www.zhisheji.com/uc_server/data/avatar/000/51/72/23_avatar_small.jpg?time=1587279455
番什么薯,字体设计,https://img.zhisheji.com/FonvvTA4m_xw3jCmQiCiOZMlVJTv?imageMogr2/thumbnail/750x/crop/!750x469a0a0,平面-字体设计,4869,15,41,https://www.zhisheji.com/uc_server/data/avatar/000/24/57/14_avatar_small.jpg?time=1593006069
無我,Product Website design,https://img.zhisheji.com/Flfo-wRhOu48FuL8dhksgHzYKj_F?imageMogr2/thumbnail/750x/crop/!751x469a0a92,网页-企业官网,7102,23,45,https://www.zhisheji.com/uc_server/data/avatar/000/49/60/10_avatar_small.jpg?time=1592287043
画画的枕头大人,没事多画画,https://img.zhisheji.com/FppKm6dlwbGIK0UDTZ2SRwN20qX4?imageMogr2/quality/100/sharpen/1/thumbnail/290x/crop/!290x180,插画-插画习作,7481,33,64,https://www.zhisheji.com/uc_server/data/avatar/000/52/26/24_avatar_small.jpg?time=1592739277
画画的枕头大人,2019—总结,https://img.zhisheji.com/FtrBJN1OJqgGXUdfTmnlUyCNk6AJ?imageMogr2/quality/100/sharpen/1/thumbnail/290x/crop/!290x180,插画-商业插画,4853,17,44,https://www.zhisheji.com/uc_server/data/avatar/000/52/26/24_avatar_small.jpg?time=1592739277
墨希先生,字体版式,https://img.zhisheji.com/FpOsqOsx9uVTEiBaR2Cc-upiOyiD?imageMogr2/quality/100/sharpen/1/thumbnail/290x/crop/!290x180,平面-字体设计,7105,19,80,https://www.zhisheji.com/uc_server/data/avatar/000/40/53/62_avatar_small.jpg?time=1563939045
Ness,ETERNAL LIFE 07,https://img.zhisheji.com/FhrVwCNBWFvyYmhRDZL5df1V0kO7?imageMogr2/thumbnail/750x/crop/!290x181a159a17,三维/C4D,8896,45,169,https://www.zhisheji.com/uc_server/data/avatar/000/54/41/03_avatar_small.jpg?time=1593327639
九十六设计,2020原创儿童插画绘本（工作6年纪念作）,https://img.zhisheji.com/FpIoNsRhcchlZjhErR8uLhoNOiD2?imageMogr2/quality/100/sharpen/1/thumbnail/290x/crop/!290x180,插画-儿童插画,8065,29,102,https://www.zhisheji.com/uc_server/data/avatar/000/04/64/01_avatar_small.jpg?time=1558317317
猫十九,Typeface猫の字-O2,https://img.zhisheji.com/FhduPn9LgqaLY9SM8E9EXcHK9REG?imageMogr2/quality/100/sharpen/1/thumbnail/290x/crop/!290x180,平面-字体设计,6024,19,42,https://www.zhisheji.com/uc_server/data/avatar/000/54/96/52_avatar_small.jpg?time=1592664070
FOODOGRAPH,护肤品摄影 | TROMBORG X foodography,https://img.zhisheji.com/Flu-4SE6HBa-ZthAEbB7BiuUxUIW?imageMogr2/quality/100/sharpen/1/thumbnail/290x/crop/!290x180,摄影-产品,8508,11,68,https://www.zhisheji.com/uc_server/data/avatar/000/35/42/06_avatar_small.jpg?time=1519972015
野生的神兽,云裳露华*花间集系列首页,https://img.zhisheji.com/lg-WME6Czo4_yn7b4Uq01Mi38AZa?imageMogr2/thumbnail/750x/crop/!670x419a39a1083,首页/专题-男装女装,10668,58,239,https://www.zhisheji.com/uc_server/data/avatar/000/08/07/83_avatar_small.jpg?time=1596075635
巧匠课堂,PS教程-端午节字体海报设计视频教程,https://img.zhisheji.com/Fq-KCGbv5LqyFSTb7jgLdOBnK5SS?imageMogr2/quality/100/sharpen/1/thumbnail/290x/crop/!290x180,教程,8102,4,37,https://www.zhisheji.com/uc_server/data/avatar/000/00/00/03_avatar_small.jpg?time=1576741416
谢小董,详情页,https://img.zhisheji.com/FnKRU3OzboPavn88zVN23Y2iv1wb?imageMogr2/quality/100/sharpen/1/thumbnail/290x/crop/!290x180,详情页-母婴用品,9972,28,123,https://www.zhisheji.com/uc_server/data/avatar/000/15/50/22_avatar_small.jpg?time=1527054617
A-GUI,佛山盲公饼#品牌形象新塑造#打破传统 创造新潮,https://img.zhisheji.com/Fpi-XHNOanJaKRtsE1fuT173TpsY?imageMogr2/quality/100/sharpen/1/thumbnail/290x/crop/!290x180,平面-品牌,7328,23,72,https://www.zhisheji.com/uc_server/data/avatar/000/54/95/26_avatar_small.jpg?time=1592579655
点奥文化,直白520吹风机详情页视觉升级,https://img.zhisheji.com/FiDBC-B8rYvglAFRIPtGvyPRMbw_?imageMogr2/quality/100/sharpen/1/thumbnail/290x/crop/!290x180,详情页-家电办公,9628,28,131,https://www.zhisheji.com/uc_server/data/avatar/000/10/51/21_avatar_small.jpg?time=1565914391
响马摄影,PERIDEO美妆|响马摄影,https://img.zhisheji.com/FtS9hTBC-QYKZeQoUMH0mjNaCn_C?imageMogr2/thumbnail/750x/crop/!750x469a0a263,摄影-产品,6711,5,46,https://www.zhisheji.com/uc_server/data/avatar/000/25/44/21_avatar_small.jpg?time=1551786010
LAFATA,VTUS-汽车启动电源,https://img.zhisheji.com/lv5bXn79YCFpctoN4MklyW48AFz6?imageMogr2/thumbnail/750x/crop/!675x422a0a0,三维/C4D,6608,9,46,https://www.zhisheji.com/uc_server/data/avatar/000/54/44/24_avatar_small.jpg?time=1590661248
彩色的黑是吗,详情页x5,https://img.zhisheji.com/Fk_8vxhW-hF0FzHdzekFLhX_-Bxy?imageMogr2/quality/100/sharpen/1/thumbnail/290x/crop/!290x180,首页/专题-家电办公,9432,25,73,https://www.zhisheji.com/uc_server/data/avatar/000/45/53/82_avatar_small.jpg?time=1592895439
Estelle艾丝,618年中大促活动视觉,https://img.zhisheji.com/FmdEpYDdnG0Z1m2fEPfufLSf6EJg?imageMogr2/quality/100/sharpen/1/thumbnail/290x/crop/!290x180,首页/专题-家电办公,8589,55,96,https://www.zhisheji.com/uc_server/data/avatar/000/38/97/46_avatar_small.jpg?time=1592886027
上山小火车,料理包VS上山小火车,https://img.zhisheji.com/FmZo61V_XeugibSFLkfC1G_Z2U8X?imageMogr2/quality/100/sharpen/1/thumbnail/290x/crop/!290x180,摄影-产品,6035,15,45,https://www.zhisheji.com/uc_server/data/avatar/000/54/60/48_avatar_small.jpg?time=1591234111
响马摄影,贤合庄火锅|响马摄影,https://img.zhisheji.com/Fm8rvOR7v0WgEQK3F43WQzm9IN0h?imageMogr2/thumbnail/750x/crop/!750x469a0a363,摄影-产品,9013,44,167,https://www.zhisheji.com/uc_server/data/avatar/000/25/44/21_avatar_small.jpg?time=1551786010
蔡蔡文化,绘王科技卡通IP形象全案孵化,https://img.zhisheji.com/Fsk5ZLgp1Y9hYqh7NVzlgcHHe5BM?imageMogr2/quality/100/sharpen/1/thumbnail/290x/crop/!290x180,平面-吉祥物,4020,24,59,https://www.zhisheji.com/uc_server/data/avatar/000/35/65/28_avatar_small.jpg?time=1555819891
