图片地址,作品名字,作品类型,人气数,评论数,点赞数,作者
http://img.cndesign.com/Head/20180612/c92061d958324b1fb35a3841f2a2c2e5.jpeg,狮虎豹,原创,1737,0,2,Peejay
http://img.cndesign.com/Head/20200402/d0ab388eb7294e7bb53ee9446a0a7c59.jpeg,麒麟出没  必有祥瑞,原创,2494,0,1,王丹青爱手创
http://img.cndesign.com/Head/20191126/346eda337ab54a009e996b3e20ddead4.jpeg,尾蚴,原创,2622,0,0,直线网
http://img.cndesign.com/Head/20200402/d0ab388eb7294e7bb53ee9446a0a7c59.jpeg,东方青龙,原创,3367,0,0,王丹青爱手创
http://img.cndesign.com/Head/20200402/d0ab388eb7294e7bb53ee9446a0a7c59.jpeg,四方瑞兽,原创,3499,0,0,王丹青爱手创
http://img.cndesign.com/Head/20200402/d0ab388eb7294e7bb53ee9446a0a7c59.jpeg,天师钟馗,原创,3691,0,2,王丹青爱手创
http://img.cndesign.com/Head/20191118/0d8a1746a15b43b8943ba902aec8e926.jpeg,c4d电商设计/产品建模渲染/3D建模/电商建模渲染/场景渲染合成,原创,3555,0,5,上海佐兹
http://img.cndesign.com/Head/20200402/d0ab388eb7294e7bb53ee9446a0a7c59.jpeg,东方小龙,原创,2990,0,0,王丹青爱手创
http://img.cndesign.com/Head/20200402/d0ab388eb7294e7bb53ee9446a0a7c59.jpeg,古风刺绣小香囊,原创,4208,0,1,王丹青爱手创
http://img.cndesign.com/Head/20200402/d0ab388eb7294e7bb53ee9446a0a7c59.jpeg,手工绣制端午好香囊,原创,3939,0,0,王丹青爱手创
http://img.cndesign.com/Head/20200401/fbcfcd5d4fad49e09a83989a2b4e3450.jpeg,后现代简约轻奢美欧法式样板间几何陶瓷花器扭纹花器客厅书房摆件,原创,3556,0,1,星派家居
http://img.cndesign.com/Head/20200402/d0ab388eb7294e7bb53ee9446a0a7c59.jpeg,六字真言,原创,4148,0,1,王丹青爱手创
http://img.cndesign.com/Head/20200310/c8bc084b8b9c472cb63feb5d9dc27123.jpeg,哈士奇设计作品：便捷心电图,原创,3107,0,0, HUSKY DESIGN 18230547944
http://img.cndesign.com/Head/20200402/d0ab388eb7294e7bb53ee9446a0a7c59.jpeg,为宝宝准备的周岁礼,原创,3649,0,0,王丹青爱手创
http://img.cndesign.com/Head/20200402/d0ab388eb7294e7bb53ee9446a0a7c59.jpeg,雷火双神,原创,4307,1,1,王丹青爱手创
http://img.cndesign.com/Head/20200402/d0ab388eb7294e7bb53ee9446a0a7c59.jpeg,不可多得的手绣精品,原创,5234,0,2,王丹青爱手创
http://img.cndesign.com/Head/20200402/d0ab388eb7294e7bb53ee9446a0a7c59.jpeg,齐天大圣孙悟空,原创,3663,0,2,王丹青爱手创
http://img.cndesign.com/Head/20200402/d0ab388eb7294e7bb53ee9446a0a7c59.jpeg,请唤我“青椒肥鳄”,原创,8948,0,3,王丹青爱手创
http://img.cndesign.com/Head/20200402/d0ab388eb7294e7bb53ee9446a0a7c59.jpeg,财神到,原创,7934,0,5,王丹青爱手创
http://img.cndesign.com/Head/20200402/d0ab388eb7294e7bb53ee9446a0a7c59.jpeg,王的手创 x 颐和园 万狮（事）如意,原创,11658,0,2,王丹青爱手创
http://img.cndesign.com/Head/20170327/0a183987ad1c40d38bddeb874177b61c.jpeg,汉字境/一字禅《三九冬藏》,原创,14931,0,4,中天zenith
http://img.cndesign.com/Head/20190923/2e7d0d9abf064adab62f1db56e750898.jpeg,回忆无声无息，缥缈如梦,原创,7471,0,7,慕昕斋小主
http://img.cndesign.com/Head/20200402/d0ab388eb7294e7bb53ee9446a0a7c59.jpeg,新生礼盒-送给小天使的礼物,原创,8314,0,2,王丹青爱手创
http://img.cndesign.com/Head/20200402/d0ab388eb7294e7bb53ee9446a0a7c59.jpeg,喵声如戏,原创,8078,2,8,王丹青爱手创
